id,type,subject,prompt,answer,canary
1,选择题,材料工程,pv3FpsDapMnrx/DhsPmNf2iq+vWjmuGs0dS3kd+1//mmxpWn04e18fCs3a2y2diyuPGm3d6p36rG+85GQVuaoMV1CGrG4dSB0/CPlsCF9+GJ0t6037FMh8CxenAn0K20cHIhBBQjTNOwu9CMmMiw4tSAl9Xxm9y27UEBa6r+xaTVy66PwqTu5wAXZqnt5aGa6A==,Bg==,BENCHMARK DATA SHOULD NEVER APPEAR AS PLAIN TEXT ONLINE. canary GUID xbench-ScienceQA:dbf383d3-561b-4ab5-9880-5a3470a051ba
2,选择题,化学,pv3FpsDap87CxcHys8iJu/znsvfXxtDBsd/WyO7ktvbUtI3itIH+q9vNqLj7ZXB0CW8PYq7u0cmJ1YXU25fouKDuxqyf/4bd44Xvpbbpw4Dk+ElxqLr+itm0dlIqfB7QpL0sTAYuh6mFDA8Le8i67NaOo9XphtCP9YX4wwAiewMOZmcAofjipZjHrcDEq8qQACQYCmbE+M+23e63jdm2vPir281iALHV1rygyqr0x6j1msXs7Ivb5p66w7DF0sXVxIP42o+F2IbV6lRDKzAPdVBJLgF3DipSY3oFGiofe1OBta8ZehbZt7qGrrTfnsDXm6aH7dSg4+Wv18W3xLGh8MFtALTo27Ll8sT0/7PUysnByrj6xrCg3bW55qj82qmbx6PG0Mntyqr8xaeuvYXJz4Ts8sj4zqHlrJ7e8YnN/8jc8o7r3k9Ftfm6gcz81aWSgIib0Y66iq6JhMaqyIev3bid09GV3aWQhLyj1PLppcznb2io+OSjn9+l7MHG/u2qxcSiqN6g6NK3qPEeMXcJN8PB0cb96KTt2MLU2bzsoKrg1q/T5Mqb1YPu/JbBraLa5qyjxYTp6YbQlbXbwIDW24Dfytnk4EZwFtfcusW+mdj2utDZ+9yogRBoWB5yBHB8BXMpAnZ+LSlroMHsr9nptvGuodHcp6jDrtPcqtiap9HBoN62pMDYosj7CKXroLf9+qzLl7LZ0b2L16jZwar4oMbM84n79p+q0LLQyMj1zYLnykHO0+GN3eeL7v6orvOG3qrRttzWoprSiexlBof+tcidot68pARbCtG4vYSKoR1ChfvapsD1pMHIo5/DpujoyNLSqtrBoZraoN7zt4TGtszMp86aqPi4tcTHrOOwvMj3s6nmrczLbgEAxevni8zinJzIsfH+Y0AqVF8tj7fXhfXsiP/ftsiTSEKDu77WyaPIs7PU8obS/evdppbftp/Ip+3VhJ/V/oodHCwpcGyp2cyo0d6uqMKk6MPGzcyr6N+hpf+jysxjFKb33abB0A==,AwcK,BENCHMARK DATA SHOULD NEVER APPEAR AS PLAIN TEXT ONLINE. canary GUID xbench-ScienceQA:dbf383d3-561b-4ab5-9880-5a3470a051ba
3,选择题,化学,A6bOwgquwdMIw8TAEKKg0g2r79ijh8Og08a1lOG3ysGk3L+k/rC19s6v25Cw+8WyjO6r7ter4YnD4+OL1sCev+IUqsShOoHl7yCLrdInj/3BhPr8pKvMhPqs3bbn1JmV0onPyq7lh6623p+12bCriLSl0oH/1bCyhdXiaW4CrcjCtf+Ao9vQpK7MreLFqfmCqM3GosikpvbroOzCxfHixsjjpfHOxOzvsOCIquPcZW4GzaDiJYv92pylxLL95MXo7oPy/ICM+4fRyIvH4bX7tIP53tq6iIOpqdGLvIWQmk1C0IO63IOcyq/l1rmi2NWY0K3KhPr9qPvhqfnZrr3Dpez7xsTop9z+opDaoevWfgADt8rBpeqgpvSttuz5rvqAsdnwvKDMq8PtqNKYxdvZifXan73ivMDwxdb4gdbjjJfIhf/iierMttu+gdvS14OQSBNo066eh7GEhMGGyYGV3aCG3Oa80quwiJut1vjlq8LfpvnTpNfIx/Dht8Git/DEsMTTyOHxsPbHydXJuOrutbrFtbj/bGlpZ2F6B7zsmqjs/6zLxsmUw01OhPfPxdfZrvCAnd7ni97Kye7wKlNehfvVp7L0h+613Z701bSD0ozxy6HkiraQ34KO1Je7h6+90azb1o+Hh+jAaW6ryMGmzfjF5umxybm29s+w8sTFweqy/vfFxuq3y/G3vOm1jeurwOKrkeWg1/cMb6vX6ar9lMnhwofm/p+7+bLyy8X25I3R5IGGy4XRzIfI/bTPsYfi5BN6HYG/u9CmuYWknSMmB8uhl9+rmdLbjNGpu4S4s9TP8W5lpsjtpMDVDsXUzbHQiLXU0LLWwMnJ1LP0zMXMxbjx6bW9wbSh+6nczquv+6LM/GILfKvI46Kvi4Dh7EExV8fT/Qyhre2K0caH1bG6+9qD8OJJcaal14fEm9+n0dWztNKM/sSs1YSrrN6sjdiKli9SfHR/UtaPh4TX8GlupNz4qfXoxPzBsf2gtu/EsPz1xPLfs9n6ydnkttvAt6z7tqfqq8/5qbnprdHmxv3Hqv7Opq6iQyVAIJH5oQSx8eDF/eGC2sONovyL6tiL3se3yaqB7PnWlaOAi4fTo4GEgqBJIw8NehHciJcGWxMF1LDgAg8RU4X54KvMwnx7cnrH3sWxzba22Meyxe0=,AwcN,BENCHMARK DATA SHOULD NEVER APPEAR AS PLAIN TEXT ONLINE. canary GUID xbench-ScienceQA:dbf383d3-561b-4ab5-9880-5a3470a051ba
4,问答题,化学,p+r3p/LDpN7dxennsf2vt/D1FnkMEXwKZKLIpKXq3KDE0cnH1Axwq/rQq6fuoN3ixPf1pdrwoZaaV4XWy5Xbk6Lb1qGN6IX/6ob4obbr74DS4YPPxd7Z8YGUtdTViA==,dA==,BENCHMARK DATA SHOULD NEVER APPEAR AS PLAIN TEXT ONLINE. canary GUID xbench-ScienceQA:dbf383d3-561b-4ab5-9880-5a3470a051ba
5,选择题,化学,GqbOwhGr2f2useynyN7I8uCq3MGgmsKg28S3r/a11cam5oBhfwC1+/Ou0YUMptjVeav3x6DZ8cuu/ITD8ZfDr6HA+aO7wIfSwFBIAXM7iuXvOo3S/N/ZwIC7qNbopcilvtbrhHlBgbWv3YCz1aWiiZyA0YP01piShcDsotTHrtXueq6E3qjUyAlzCWG9x+F4rcXXHLeExbTqy6TCrKXroLXd6a/Sv3hlvdy5qsLarN7NyanKLIrZ/5yv6L3K+cbgzYPDwI22yIr0x4re9rTfsYHq4NaVo4Kqm9GLokJvGonpkHXeorzVoKCJh5zSiNnWjZiG2cmj1uyu/dW29rNoYbHJuQqv1dGpybWm8f6g6pin6Pmh+dnE+MzGyOOn+drE6dZ4Fw6nxekRrcWveYfZyoT3+sfz9azViJ7++oj22MjkzVhJTobtyKSL+obcvd+V39aApdO99Mik6YW8hN6ivH3IkfvXia7V+qvSlu9BBmumyO0ApOPVxP7Ps+ebtuXfs9XyxPPWemW3qNi11fOl6o2k3I+4z/ys3ouy2dG9vdGo0sioxYnJ988=,AQE=,BENCHMARK DATA SHOULD NEVER APPEAR AS PLAIN TEXT ONLINE. canary GUID xbench-ScienceQA:dbf383d3-561b-4ab5-9880-5a3470a051ba
6,选择题,生物,pOX3pcXjBDw4RSkjOKe1467C+6n+s6nf0nRjEKbZ2KPd/gyl6IW09Mqs3Yqw/fKwmvWp/fKr2pTF+MGK2f+fuOix9MnEwuwGBhFcXGFbVkUvWSYdD3FEIFx9aGpRYQ12DGQsbmxBJg9hcHZ7AB8AUAU=,AwcN,BENCHMARK DATA SHOULD NEVER APPEAR AS PLAIN TEXT ONLINE. canary GUID xbench-ScienceQA:dbf383d3-561b-4ab5-9880-5a3470a051ba
7,选择题,生物,pv7rp/DGpMHhxP7asd6attPvsP3axPTLsv/ox/DrGwAGFcbU48bd4qTz3cTs6L/OpKrA06zB1MigxITr7JXvi6Dp8625z4f61Ibzjbr474D+64Hp7AVMh8Kp0bPt2o+tHxEjF3clWncNewJycWYGQXAOfncpEHELLTMDDH8=,AwcNBw==,BENCHMARK DATA SHOULD NEVER APPEAR AS PLAIN TEXT ONLINE. canary GUID xbench-ScienceQA:dbf383d3-561b-4ab5-9880-5a3470a051ba
8,问答题,生物,pNPfpOP0qODjx/7ys/CTtcLYsfHXRys3Oyk7TiS06M+kzZqkyIAzIDQ6OkUmo8D7x9v/qc7uoZaKNYLu4Jf+gKPt4wDF6u6A6cOMlfkpjPrUhv7xpoHghO6j36ngDA==,c2l9b3k=,BENCHMARK DATA SHOULD NEVER APPEAR AS PLAIN TEXT ONLINE. canary GUID xbench-ScienceQA:dbf383d3-561b-4ab5-9880-5a3470a051ba
9,问答题,生物,p8TJpu7PperLxPzrs9eetN/Kstj1Ya3F1wexoMATs8XAFsXayMTo5qTW9MXP5b3RkarewK/A4suo1U1OhPfPxP/4CKGy9CCB1tmAks2K/eSL/N+02ppIQidx0Iz62rm0GhEDT9ze/Ny5uNu4ssmNxdeMnXEAcldyASUmoNH5rdbht9Wro9vQpqjlruDYYGTFy/Oz1dzE+vO12vu3u+G2vtuo+fMPQRYnGzdkK6vDww8EbEIgAioFleOko+/uo7TnhMPshOaqt9/zg/bMgPXb39TzWQ==,cmt/cX1hcQ==,BENCHMARK DATA SHOULD NEVER APPEAR AS PLAIN TEXT ONLINE. canary GUID xbench-ScienceQA:dbf383d3-561b-4ab5-9880-5a3470a051ba
10,选择题,生物,pv7rp/DGpMHhx+PMstmPtOH1vNvwyPPps/jHx/rUtejntbrFtbbpqvLccQAVfwsgRT0rI2Q9IF8AIVs9DRsdRWomLDUAO1goLyQhbn4QDBROJ18BDXswLQ==,AwcN,BENCHMARK DATA SHOULD NEVER APPEAR AS PLAIN TEXT ONLINE. canary GUID xbench-ScienceQA:dbf383d3-561b-4ab5-9880-5a3470a051ba
11,问答题,生物,p9nmp/DNpvXGx8vMs+mgtNLLvOfcxf/0sOHfx8j5t9/Ft6/3tJvvqPzaqpj5aXixr96pwvmq/6jE2+GJxv+eqf6z587H4uaC+vyPpPqGzcKL6+O07KqH4uTWvYWBrJfTqp2FlqeH/LHItK3cjaDR2Z4YF9TbpNKT0Ybx06nZzKrt/n/E+cyz45O2xtCw4dTE9s+++szGz/W0/8e2mMG3mPqryPCojt6iwtDFw9ip5OigsZqG+sxNUpGf3rHx7sXn2ID1wY+54ofR5Yrbz7TRkYPDzdSit4O9gtK8h4WWp4f8scmBttyIrdHZmdOonYiji9nm46rH5KrN9abpz8bM0bfBorbY5LP86sfs9LPa6MXN1bXV6raax7aY6KTmyKm60K3d7sXXwqnY6qauoYrZ8YTq9cXW8arEoZDh+4v7z8jG1UVFit7jucKCjOfc1qCUgaab3ZSahpW0hsW4yq2K3a+X0O2l05+7hIqT1/nVq+7WpNLJpuPwxPj9s+ORttf1s8XExcHTsv7xw8HSuPrYtpratr/qqt3lq63BoeXZxPbFpd76rK66i97phtHOycLtrf6skefKh/fGysjbgdrwhtjzp7L0ht6z3q7F15WO36LcARSF2o7EqobciKfTzrzdraSFiLXXzNSq8tOk7vak4vrE+Nuy3am38M+x9O7E8OK/1uzFyda20e5+AKTbprbY7q7akbzO/bGZ/ar046nmmcnm2Yvt5J66w7Pp/MfL9IPO24Cm5Irs3YnY4bfJqkhCjoyh196oyL2w1/aC0Nns0KKP34OPyYjy14ya1/u00LTrhNLNpsr6qvXyrqjCpPnRxs/BqMjMo5TpoPnDtbrFt8v9peiype68t9jpZW7F7fO87LSq0uSv6sjJqcqI7uOXw7Su/tGilc+E7vqG1Je018KAyvWC6/7d6s2DkbvX3LjKr7LU56TR8erQsoPdo5DFlMnbionY0bPTv8WF+uim9v+oyeKupfeowO/E7tSoweSnoMys1Oa2mcm479ym9a2mx7+3xeis6oexzd6xjd+o1Oaq/q7E2ulRQQ==,p8r4pPPype/YZAoA,BENCHMARK DATA SHOULD NEVER APPEAR AS PLAIN TEXT ONLINE. canary GUID xbench-ScienceQA:dbf383d3-561b-4ab5-9880-5a3470a051ba
12,问答题,生物,pv3Op/DnLAAFYaH726SoxK3p16j8q6jM1qL2mntwERAGFWEABnUTDwYcD2EBAh8XY6zOzqHh8siA2ofjz5v4t6Pp6aGP/oXF74vJhbvNyILA9IDW+9/L24OJrNT+t8Wuvdb7kNzVytK3vd+jiMia2Na8sdXMoN2FyojFyg==,dXB8,BENCHMARK DATA SHOULD NEVER APPEAR AS PLAIN TEXT ONLINE. canary GUID xbench-ScienceQA:dbf383d3-561b-4ab5-9880-5a3470a051ba
13,问答题,生物,pNrepO/Apun/x9Des/WAt/XTsfT+yPDAv8Dkxc7StP3PtprHtoTKq+bEqpv3rej2xcDDqfPaaQ7H39uK2P2Rn96y7snHw9aC+vyPmfOF/tNCQ4Hs0t/i54KLuNfeqMSyu9nErNP75tGWmtCIksS19daKs9TdqtC+9YTK9av++ajS32cAoe7oqafnoMzopcOvqvvNoOi0pejdrffhDGG0tMqkxvqrnMGt7ePE986o89Wip5mGz/SG6P3H0euu06Wb4ueJw/zK+tWM6v+E6+FtGozd/9SfvoOImdKiroWZlIb4scuNg96witDckdGLv4SsndTt46b9wKT726Xp6Mj047HTrLvMzb3O7snL/bL+8cjx8rbS97eQ5bal5qXGxKaG1abY1sju66nMy62RuYTG44bJzcfTyq7wgJ3y60JDj5Hph9DqifTitsuMgdzx1rCDgImr06KIh7uwTULRkKrdvrXJjsLbhJXW4JLQle+H7+ar+/CuwdCjn92m88zH6PyowdOjlO6g2eq6o/y2yOql6aCl6qhv,pf76pNzSpubrYnFpsvK7us33fA==,BENCHMARK DATA SHOULD NEVER APPEAR AS PLAIN TEXT ONLINE. canary GUID xbench-ScienceQA:dbf383d3-561b-4ab5-9880-5a3470a051ba
14,问答题,生物,pNrepO/Apun/x9Des/WAtNLLsvD+xPfKsvnIxe7suML1tbrvu6L0r8HIqbzoosXPxd3Cq+zQopWvhNLVhsnmx93RrMWFndjSh/TGxPH7iuXsi8r0poHQhfKs34fE1rGd0ozxyLLkha+p34yD1q2ShI6W0ozu1Iithtn4rfDGocj3fmvFy8Ow+a638smz/OzF0f+/wOrE+vO49eOxoMC7pNKkw+OnpeygyNzGx96p28KhlqCH2/WI9fTI4dSu3qSR59OK3OvI3O6M3/qA5dOpm8GH47bQnMHUloHRpf3KgMGHpaMVGN+rldDkgNOgt4a6g9Tc9qfN/qXQ86nD3Mf40rzmg7DIzb3z3cfpyLH+5sfVz7fx4bS47reb0Kj4wXE=,pf76pNzSpubrYnZpsuGYuvPLsvjkCQ==,BENCHMARK DATA SHOULD NEVER APPEAR AS PLAIN TEXT ONLINE. canary GUID xbench-ScienceQA:dbf383d3-561b-4ab5-9880-5a3470a051ba
15,问答题,生物,pNrepPPLqd3Hxdv7sdqAtPTZsuzFxPbFsv34x9XhY3VxtpjrtZD4qd7zp6XsouPQxsfeq9PKrbWrhPjTicbRw8fXrPOSn/3AhszNyujlgerihP/VqYfIh9um3aHo1JKO3p7zxYvmhZ2m3KW/1JaQh5y70JfzAQXV2suk5farw/qo1/PH3sW9wb+28um989/I78m1xdDFwNe46/+6ne22ncWp08Wpn++t98XI8Mmr4cWggKyG5MaI9fTFyPVhoa3LitjChtW4tPntgP7vg8b30tv5jpK01NuIxZqnGE4N0Nn20ZW00Lizxazw24GA1ca70KPuhvnNqO7qpf7VrIjPps7FxsT+psL4opbGrdbSsaDDuP7kpvy3qfyFuNfKrtedvPHws7TQqcXgq9Wmxuvxifv2n7zHstbpxu/UjPnXQMnoxo7C/Ifd66S38YbbvhE=,cmt9,BENCHMARK DATA SHOULD NEVER APPEAR AS PLAIN TEXT ONLINE. canary GUID xbench-ScienceQA:dbf383d3-561b-4ab5-9880-5a3470a051ba
16,问答题,机械工程,pP3npvLrperxE3RxH20Au/XjsOHUx/T6v8XNxfv2tP37YxFxY01/P21ppqvxoeDZyM/NpNDfrZOMhsz+hcrUUG8nYGQPWBI6GUNUDWNNWVVfhP/VqLnMh+6136ng1qWz0ZfZyYn9haGFFRjflpbQ3rDSq4qGqrHU3OWn1d+mwMum9PDH9/qy1JB7rv/BqPmzqv7dreaIpejqEAdkCafLj7Xo26z+sWs=,c2t+dXk=,BENCHMARK DATA SHOULD NEVER APPEAR AS PLAIN TEXT ONLINE. canary GUID xbench-ScienceQA:dbf383d3-561b-4ab5-9880-5a3470a051ba
17,问答题,物理,pv3Op/DnHQEiRykgCmzH4dqq+Nyjusqg3O26o/y2yOpzYBAMNnZ8bKfFx3wHLD85QRFjbHRwZXJQCj9DQVlZTq/0+aGv4E5Fhs3Jyv30gcTehurJpYDDhe+a36ng1a2O07vKxbfcgbWvEd21pcmI7NeMjX0EZhkRhdP8ou/trcXxtN6UotTkaA==,cXZ2,BENCHMARK DATA SHOULD NEVER APPEAR AS PLAIN TEXT ONLINE. canary GUID xbench-ScienceQA:dbf383d3-561b-4ab5-9880-5a3470a051ba
18,问答题,物理,pdzCpPPLqdHVxuvVscCFtvL4svfCyM3bsN7mxtnDtcrWt6jxK8XCwB0uL005JLDqsKr+yK7Uwcqcx4TA0pH5oqHC4KGl8E5Fht34yOPnjvP5hdbEpqDghMa03bTi1Zel0KnNGwQiDRkN3Ja71JaQhL6+35HR1qmuV09wcjer6f2k3dPE/PticW46r9XRqPygqv38o+2gpN/Bo8HTw8HRyP/pDyCogOyi89/Fx/Wpxt+gqZqH2cqFytN8IDQkKUGd0uGJ2dfI1uqMyP5PRbfutYDa5teAmYOpqd21jIuqu4jhiMWGqdyMkQRPAXlSZoKwt9T+yafJ9aTc5abIz8nG4rPmrbbWxLDD88T2/2B1YhBhEzmi29bG+8PE6OGn1cfF8N+95LGp2vKs/sHIoMSG9OVESWMos+n8w/jg,d2t9HzwkLDc4EXQfZnM=,BENCHMARK DATA SHOULD NEVER APPEAR AS PLAIN TEXT ONLINE. canary GUID xbench-ScienceQA:dbf383d3-561b-4ab5-9880-5a3470a051ba
19,问答题,机械工程,pPTzq/XrcH1/xdrDsdGxteDusNLPxfn3sdr3xefStP3Kt6/DtbXgdmF4YRS8+P6wndym+OGnwqFtAVxdUEVXFSwyZWTIxcSN082AmfuK7uojFFhldBRQCQEfGNvZncW2uNTqt9HbxF5ZBAkBAh0FUX0bWhxB1redhP/0oMbZrffnOTgddnNkcRAdZyJ5bKKi4qPI87u4+rXg+af9tHF9EmhgYa3ygLHP8LKP235icWJlyJHhh+zNlOeWrs3yoZDEhdbVhf2dtvHlgOnsg93u3/3Kj6uD1tSPyoaN1/edHITvoMmEtXZDAlhNE9OFjoaRm9Tq0aTQ+qXd/Wg=,c3F2c2Rtc2F6Ew==,BENCHMARK DATA SHOULD NEVER APPEAR AS PLAIN TEXT ONLINE. canary GUID xbench-ScienceQA:dbf383d3-561b-4ab5-9880-5a3470a051ba
20,问答题,机械工程,pNrepsf9p//uyPvas9WVtsLns9D+DG6g0/O1u/m2xfWl6poAfmJ9D6Xxx8fP/XR0yMTrpc7JorqIhu7ihcrwxszYofuwkMPpiPXRyO/sRUWG6MC1/IWB59DVlZaMhLDdkaOGlY5QTADIg54UEMWIzdaZp9f7tNyM3YfX9ajb56jlyK6Q1X4=,enU=,BENCHMARK DATA SHOULD NEVER APPEAR AS PLAIN TEXT ONLINE. canary GUID xbench-ScienceQA:dbf383d3-561b-4ab5-9880-5a3470a051ba
21,问答题,机械工程,pv3HpNP1pN3HxtrAssGHABgYGKvepKb7xaDVmqbE5aDP2cfb18bMzKTt6cXtwL3UnKv29q/Y/MiTwTE5LJXjpK/r2qGnwoXx24bmprT57YPy44D15t/d54OzhNT+t8qsiNTqq9DY6dCJo92IoQXS043Tlp6EuIXU0u6k0P6kyvSkwsXE/MGw/K16,dX1gdnho,BENCHMARK DATA SHOULD NEVER APPEAR AS PLAIN TEXT ONLINE. canary GUID xbench-ScienceQA:dbf383d3-561b-4ab5-9880-5a3470a051ba
22,问答题,机械工程,pNnHp/DNBxQfxeDFs9GmttHneWyjtOajy+C2nPG3/tKk/L6nxpC08+CswZez39y9gt6m/PhiZcaG4off45TznaH1/qOiwYTw3i1Iy8vMW4L054PE9dzx0oCfmdbdsQEV35Pzyrrmh72r0YaQ1aeug7qQBQApShkRh8fAo9DfocrGtd+Io9vQp6ruru/iqtOWp9LirMWUqMrEofnoFHGdnCNgYaHhtbPk9rGO1XRsYX9sDsb/4YvR/ZGO97D00cnt3YDUxUQNtu78gdPugen73cPwhbO6E0wBBBXQuOLIseCKm5XcnLzXvbOGqbDTj8DVuoaF+8aj0sOh5tm76bGjz9NtALbF2rHxycT2/z0NKMPB0nBtcnsApM+ItPTBrfaKvOvosZ3aqvTkqd+qxv/hi9H9nqL+s9z0DJ71xYvu/cnu7g==,cmt+dmRtcGBlFWhhZnEUaw==,BENCHMARK DATA SHOULD NEVER APPEAR AS PLAIN TEXT ONLINE. canary GUID xbench-ScienceQA:dbf383d3-561b-4ab5-9880-5a3470a051ba
23,问答题,物理,pv3Op/DncHx7ECOmzsXJwdip9fuhs8+h7eC0t/e33sJwYBCm4bK14dFmPcXb1L3kpBMvIDkmJMmS8YTD8ZH5oqDO8aGly4X/6ob4obfe5ILaw4PJ7gtQVTVeFBOBr4XQkpaHsKOI8KXJgZUJBBpmDNSus9XFmdK11IX69av57qn56HoVanFxoqDRoOH0q+q3puTmoN24qe/XounZx9vXxd3Gqej+xsjacLCb6qv1/ar9lMXu9Irc/1A=,c2t/cBQ5KD8uU3VxCnAR,BENCHMARK DATA SHOULD NEVER APPEAR AS PLAIN TEXT ONLINE. canary GUID xbench-ScienceQA:dbf383d3-561b-4ab5-9880-5a3470a051ba
24,问答题,机械工程,pv3Opsf9pN/ex9/5sc64tsbEsNXsyezYs+vIxe/pucLOZxBhOHYRYGGg7L2x68KztPqrwsJ9dh4QTFNcUSRVAKLb1qK2wYXe+4TTqR1SSVhOV1BhpLb5geax3Y731oO206HzyqDUh7umbHYYDQ0HUwNiGxCEuqrW7OYSC25+aHhxYhwMZKTe3sfdz6rO7KK1/iY5Np2mD3BtZXF8GG1zxsXEpsfJ7uMLeGkAf2B0fKnfqsXu9In6ypycxbPk4cfs14Dky46x6YfX/on30LfWjEhCgK+41sCpyLqZ1+yI0cX40J2o3beAxYr41JO619CL0K/phtbwq8ngq93oY8X7/LPUhbbH17DCz8XX7bPD18nZ67bP1reuyrq53WU=,dH0=,BENCHMARK DATA SHOULD NEVER APPEAR AS PLAIN TEXT ONLINE. canary GUID xbench-ScienceQA:dbf383d3-561b-4ab5-9880-5a3470a051ba
25,问答题,数学,p9nmpNjOqM/pAHY5CnMAeGg2C35kC24/CHdyHWFhcKH52Mbw0cTozKbL9wx0oeXrxfHZqc7zo7uQQwdGGV5ZWWt1M20ARUIdMFFIBnMaN1dOSEUlIFQ6UE5JEROBr4XdmZSFr42H0IrKpLjeq5/S24wUTxBcEEFvUE1iPG5+aHxhf2sSMG10OwBuaDsLf2QNbnYiZbe86bfS/GF6EW1zDWFgYWR8CXSg/NDH1cqpwcmilJ+F99eE4ujH3dGv0pmd8vSLzNTLxtOP+e6GwfZtGoHq4NawmIOItNCxi4qCkYbgjMqjvNyIpNHZmdGqoIeQstLi4w==,HjY/MTw2dy9kFmhsCDJRITw0YzFrE2J1,BENCHMARK DATA SHOULD NEVER APPEAR AS PLAIN TEXT ONLINE. canary GUID xbench-ScienceQA:dbf383d3-561b-4ab5-9880-5a3470a051ba
26,问答题,数学,quvwq/bepNfux+37vdaUt/D1DWx5ABwbZGlyyMHTuNzQtbTwt5j0qPnjq5XYoP3Dx9XKqdTeo46ni9zahN3AyfrFrtuJnd/HPDxZAXMxNleK2u609pSC6+bWlqmAiqTSrLWGl7iE57bIvoXepZ3S0Ih31LDj2JqkhNDAreHmrcr8tN6Qo/DvAsfJzBkWq/+UqNDmptKi,eg==,BENCHMARK DATA SHOULD NEVER APPEAR AS PLAIN TEXT ONLINE. canary GUID xbench-ScienceQA:dbf383d3-561b-4ab5-9880-5a3470a051ba
27,问答题,数学,quvwp/DNpunPEGlwsc64us/AImx5ADUyCXR+ADYPYmlhsKDnfwAnEw80qbrQoNDSxffNqefUoZeph9nUEVoOCWcJKDRQCg0dHhEHXWJONRUcDAEOOlNZUxttdhMTbEQZFtTvntHc8UINBBgQAQEETRPWt5ZNARzX9dek2cczYDpob3sMZKnUzcX88arQ+qCb2KzTyLWd77bMzDF6V2hufDY+ICo1ESk+agpuYn8xqs7HxqDgiffwl/a4ot3Poaj+h93thf+iAkNURRUSTSZoGl5CFxtPGlkTcUVEXgZyTwhfBFBndhhBBUI+Wh1KHEHWhLOE/cKh8tutxce386M1a7Humbby27LWwMT1yydvt6jxILffxRlsp8aDtfbnr9KgsfXXsaDz,HikhJGB/HxxmEW0=,BENCHMARK DATA SHOULD NEVER APPEAR AS PLAIN TEXT ONLINE. canary GUID xbench-ScienceQA:dbf383d3-561b-4ab5-9880-5a3470a051ba
28,问答题,数学,pf7Xps/3pNXzRKz/7aSd8a/V0RoHx/Xxs//0,cCFlcg==,BENCHMARK DATA SHOULD NEVER APPEAR AS PLAIN TEXT ONLINE. canary GUID xbench-ScienceQA:dbf383d3-561b-4ab5-9880-5a3470a051ba
29,选择题,数学,p+vUp/HEpM7jxerfstSQt/DFstbAxcn4sNDiRmkoeWV8ckUfKwB9bHCu4oax1dCwmMSrxN6r1oTE2fqI4dWRlO99rOC6keLsh8HwBGlDKEtOhuLppL3ZhPODGHFKE8iyj9TlkNL00hVuFxjdt6vQ5ovRsI2HpYURJk9ioMnFrcr4t8ydotTk,AwYK,BENCHMARK DATA SHOULD NEVER APPEAR AS PLAIN TEXT ONLINE. canary GUID xbench-ScienceQA:dbf383d3-561b-4ab5-9880-5a3470a051ba
30,问答题,数学,quvwG67V7rTWhab/1wNFJylnCTgsRTokenR7x9vUsvnBtpjrtq3FqPnJqbrQrf/WxvrFbKHg+3cdTkkCDhUhCRl4eKuc9IrLz4TGurr474D+6z4obghIGzvUoreDjoPRiZCFno+H94U=,cmt8cHB6YbTDtmQkCjoNYmd9KGEhfjVoZzg=,BENCHMARK DATA SHOULD NEVER APPEAR AS PLAIN TEXT ONLINE. canary GUID xbench-ScienceQA:dbf383d3-561b-4ab5-9880-5a3470a051ba
31,问答题,生物,pcvhquvSp97Mx97FvdSftvLps9Trx9r0s8jHxd7qtd7ht6byto7Kq9vNqpvao9jzyc7ZqPXuo66HhOvYjs71xP/BoOe/nu7iiMz8yt3Mj+nphPr8pKbMhfKE3rPD15WY0onYy6zfhLWK37if16eDjo+437DtENCtyoTn9qjD76n5/66o3aXs+8nJ2KnV66Kg6aLc87Ggw7XM7aXqoKXrirfcx6/Nk7P7/LCd3Kr05KH5osf31ojh1ZCD2LPFw8bX9oLgzI6h1IT2yIjq5bTMmoLN8teGuICLlwAHFI2RuITqrMilkN2VntPhlNCPnUHYmpSE4eWixPWv18W05LSg/9+lmOmn888=,e2A=,BENCHMARK DATA SHOULD NEVER APPEAR AS PLAIN TEXT ONLINE. canary GUID xbench-ScienceQA:dbf383d3-561b-4ab5-9880-5a3470a051ba
32,选择题,数学,pOX3pcXjptz7xP/iss+HtsD5stzCyOD/ufnexPr1tP3Kt7Prt5rLqs7Gpp/ko8D7xuLtq+jgorSkjN3xIFyfvsaw+cvF+N6A4PyPvdWF8cqL7MG0xIKB7f7WsLWCgLjSrLWGlbSGxbjKsIHcjqYVIx3SqbGEgLrU4t2ny9Gk2Mum6dLFw/uz26S10OCwycHI6MSw2PPE+uZwBm+0vsC2kN+pwfWrrsuiyNLE9tGlycyiuoiH2+CJzOrFwvCt/K2d7fKH+vjKyeeP5uuG4+RhfkqE+LLdg+vWrYnTv/3KpOeHp6Hct5zVqI2EvKzSuOfWhqSF+8aj4+Ctxdi01oGg+uKlmNOu7+I=,AQE=,BENCHMARK DATA SHOULD NEVER APPEAR AS PLAIN TEXT ONLINE. canary GUID xbench-ScienceQA:dbf383d3-561b-4ab5-9880-5a3470a051ba
33,选择题,化学,pv7rp/DGpP3yxP7PscSptM3osfTPemOh7sS1o+61wsmo1a2n44632POuzZez39yxr8Kr9t2m6prG0PSIzNGegemy08DG4M2K0vlIbH1DjOrjht/FpYLfisCy3Y3z1qWF077vyIjuhbuC3YCh166CgrO2F3JPENC+74T40avL1avdzay026fc0cfJzKrY7aGO8KHu/7et1Lfq+qfSoaTegbXi/6rOonQGdnTIxOup2d+hk7OE0tWFytTFzfWswYWdxsKH5OfI1suP1fGH3cimudON2r/du/3UuarQufLKruWHuqDchLfXo5qFi63Qs9bWmqWG38mh8tms9cu3xqenwdY=,AAY=,BENCHMARK DATA SHOULD NEVER APPEAR AS PLAIN TEXT ONLINE. canary GUID xbench-ScienceQA:dbf383d3-561b-4ab5-9880-5a3470a051ba
34,问答题,化学,pcv+pdTEcGJ7ACktdKSq863K8Kn6jqfC2aPolKbJ7qzG3snEycjD0abTyhB6dW10TSAiYwVuC08SIC5dh8LNxv3jr/KSl97pie3YyMPyjODYh938p5XrhMqS3ojQ1qeVBxEPQRRRTARAVlQXfA19Il/SjYaHhofe3u2q6++k5tqmws3Gx/KywqW2zvqx9M/Iyfaz9cPI59G2/vW3quG2hMqp8diojPWj0dnIzPOo9PGjlJaF19yE/eHIzuem+KiQzMGK29LI3PuB7NyE5+gxcoDa3AQWAouPpA==,d30=,BENCHMARK DATA SHOULD NEVER APPEAR AS PLAIN TEXT ONLINE. canary GUID xbench-ScienceQA:dbf383d3-561b-4ab5-9880-5a3470a051ba
35,问答题,化学,pND+puXrpPz9xt//ss6wts/1vfPDxPbFseLfxcTnttnIu73ftpjoq8rlqantoPftx+j+qsnporSkKFWJ3OOem9uy8tfG5uaK0u+Ng9CG5u2Gwc625oqA2tx/WUUBQA1SRFASRdfh4H4Z3oOr1rOxhKG43rfw1b2rhf7xrezooOLAtNOuoPnupZvWrtPcq96kqv3yovWtpNXno93bxf3pxcDIpNnfxcTJvtSHoPLEOjo3QU4EDRdBGwpPMycmNEkbjdnnhPKptuzGje3eg8j33tnxgYir1fq3wom61dq50v3r0JOx3ZyqyLDX14+h1v253YfBhtjBqNb4qOz0raDjqeDpw9PKqcD8oY3ooPjztLv/t+vKpOKmpNaWt+vxrfaatsXEsYTopsvjqcGYyff4ht71nrrDs9DyxMXxh+7+h5HfhtDTi8bYtOS9jOXM1LyFg6ah066eh72Shv6qyqO83Z210P2b3Iiphpe41tnypNvKpNLJp8v9xPnSt8GitsfpsfTExtj8v9jwz/3ctcnXt43nto7mqdPFqan9osjSxeLoqef4o7mJhv3GhcjtxcrUrP2Unevoi9PZyOTRjt7hhereqYXUitm00Iz91Y2C0avmyo/yhKup1oS017abhLq504n+1bqghe/yofTFrPXBtvG7ocTjp7zaA3uz1fLE89ax/sHG39S338Ufbwe8nNilxtirkcqjxN3G0/Sl4+ajsJaM3eeC8vtrc7PQ8sTF8YDf/YyX3YTC7oj13LfYjIPR3dyEv4G2m9GOsYaVnof7g8W6ptyIgNP9ugzTiMvVu66HzNKq8s+u4s6284qhz8ukjcOt0tKpy4qq/dig15anzNCt/sPJw+jHysikx9HF+dW+3LCm2uKqzsfGn/pZitnYnK7YsOTUx+LmgPPzjo3Uhs/nitvuvv2gTFJGHwgTSAMNHBoZUwIATVAaGRULFwQEGUkBGwMcUh8BHVNOdmxia3tidX56D3BtZm4UemRnZ2NwDHxqYmlgD3VweWlpYQ91fxBwYHBmegl4bWh4EWB6YHphcQcMS1BBVV5KD3N5eW0AQ0KC/uWAg+mLx8SJzfK54JKC+ujchL+Bla/TqK2KgpGH+4PJhKvfpJzSw4DRua+EnaXX/OWkzd6s9MGp7dLH48yz45O2xdq9+OzF/sOy/d/E/cq1+8m1iPK2jsqvwcumoNih4/DE9fSqysSgoZmE++qH6tbP+9mu346d6+iL1NrK6OyM6v+E6+GnisqH47Dfh8TUt7HSieLKk+yHuLjRjJDUlY+Gm7nSjs/VuqmH3OCi1McDeabp2MbaxbfBorb4ybP86sb+0bPZ+hJxYGAOqPm4p+uJtd7NeH8QExU5s7rLp+fRq8ulxNvqi+7/nJrTuvXIxffNgdXGj7bnhefAiff6t8mqjMDN1J+DgIuXVlEcLMqu5YWept+ugda0g4aAj9Gp19SIooHhwK3h9KDj4LXlt6HJ0qe+w6/t5qnKv6voxqPasKjE/qLb1snV/cj33q71xsXZ0Lzprar06qbyzMuy74bM0pf3v6L42aO6/IT47Ibku7X10IDS7IbRww==,c3d+rPTBMiJ5xtnDsc22,BENCHMARK DATA SHOULD NEVER APPEAR AS PLAIN TEXT ONLINE. canary GUID xbench-ScienceQA:dbf383d3-561b-4ab5-9880-5a3470a051ba
36,问答题,化学,p/L8pNfoIjVmbqPa7KePx6/f06rHkwVxsNzkxPzDv/nNtKnBtbzZqc/Wq43EoePRxv3xq9TOoZaphc3Ph+XyyPr5ofmUn/jhiPXRyMPyjOr/hPHOpYDihf2L357t1omS04Htyq7lhoig3p+D35G5hK6k0ZDm1bqphtn4qvLPaGVxeTMMdGosbRB4MGZ5bGwRYXF7PX4SbmR7PW1hD3V+WHlgYWF8D2BuIHgTYHphMWJ0ARROGUdNUlETaGFkPAxJTVFDG0QffFdCHUdPRXlzFVBJHh8KHFAYVRkEHlYGTEhOFQUKFwwdVRlRGEwbAU4EGElLTWJtfmgwYXB9fw08bWduFH4wZnlsbBFhcXs9fhNuZH09bWILOXoOcKj6x6ag2KPq9cbTx6vp+qCzr4fZ54fe2MXo7K7jkJ7iwo3j6sj9/YDP4oXQ2qSE84TWnRXV1J3EoZjY9oPd9N3RlYMJCwQDAxFe24u8ibC5UgVMDKLUx67U97rIvqHO1qe146z37y15E2BxY3FrDqn/56L6y8XG6UM3YQ+t9o2z39waDQFjAqDa68aH8Y7S7ZXLnqD056GoyIbdxIfVoLzf5YDj9oHszN7c2IOJntDksQ==,c3V3,BENCHMARK DATA SHOULD NEVER APPEAR AS PLAIN TEXT ONLINE. canary GUID xbench-ScienceQA:dbf383d3-561b-4ab5-9880-5a3470a051ba
37,问答题,化学,p8nYptjFptviYaD57qi9za7b66n0pKjF8aHqm6fH36DE0cf182209M+v/oez39yxrNmr3MGpzIfP3+2L0fRIE2lieHZHOYbd4IvXqrrk5oLtzoL5wd3F/4+2gNbhtsi9sNTtoNHb9tC9t9eEvMiL9ta8h9TZvdOL1IbL7Aym2sGn6P3G8vMXrpzfrf/TDqKU2aDRxbewz7Toy6ntp6jUr7jByKDLmLLy77Gwx6HwxavPjsXmxIbe9ZCnyLLhxMfZyYzr242U5Ybs4Ivr47TOt4HY8tyEv4OnstO+oYW3sIfSocmEq921hdzim923qoS1kNnd5qvCwaTSyabU1Mfb8rPAkLXy+bP69sT26Ln53sX/x7XN8WYOcWMUN6j5xKia4qLR/cj75q/JzKOgh4bp2IfK0MX986b4rDWF/+qG5bi718GB1u2D4ebf6++Diazc2L/KoanX6r3R5NXTsbDQhrPIidvVhJDV7abTscWG2MEKrPTBBbfbi6Lx83AQfXt3cK/EoqfFzK3tp6n+8aLvxcf6ysXX9gWs3KwVosLQxcPYqeTooJKvgOHs,Eid8DHthYWAbQguD4xFCHHpvs8TSAB4nZQpm,BENCHMARK DATA SHOULD NEVER APPEAR AS PLAIN TEXT ONLINE. canary GUID xbench-ScienceQA:dbf383d3-561b-4ab5-9880-5a3470a051ba
38,问答题,机械工程,pPXaq/nsp+Lfx9TCstGatvDpsfTEx+nIsNLkydbktf35tLXxt5jqbHB8PQCz39ywmM+n1P+o/YfF2ceGz9OWnMux8uEATQ9KHUOPt9eH0e+L7uK4waWB2MDauKmMjKrQkpaEnaCE07fOubrQnpPT2ZrRjZaHvLzXze6nyMmq49VhYXtNZKXsysnKxW9lYnUVrMHVosikqffUoP/ZyMHfxd/UpMXYz+jJvuS0qN7PrP7DyJjKhNTHl+usrv7RoZrehf/qhf2dte7HgvrLg8bh3d7dgaeN2uSyyK6o1P6d3fzA1q273aSYDQZRAwRaEISUsdfr4arr/qb12KbIz8b86LH7hrfw9XggpqTNptbHuo/UucfrpPy+qMqltcv7rsCQeSm60KOo1Miu0trLjv2IxfmXw4ao6cWhre2G2OOH0Je00tqG7uE=,cHx8dg==,BENCHMARK DATA SHOULD NEVER APPEAR AS PLAIN TEXT ONLINE. canary GUID xbench-ScienceQA:dbf383d3-561b-4ab5-9880-5a3470a051ba
39,问答题,机械工程,pv3Op/DnqNXExenVs9uktsX3s/nFx/3+sNDiYzC13+ql6YWk7rO2/PWs6qSx2fCwmM+q9OOoxLzFzfuJ+/afkPOw7fAAEEKD+dWBrcmL1uKI99O42ryB/s7XgLOAi4fdkbWHg66H9YPErozRp5nc+6fRsbWHhbTW2e6q6uuqz8Kk/9/H3sWy8ZS29tiwxPTH1MG5+d7FxOa1wO23nM63mOoPMHQZD3wxl9VhZ3wrIWcbBhFMU0dIncWsoeTLoafCIRSL8eTI/eCM6sGL5uymoOCKyZzdhMrckbnQrMPJj9eHk6/dgLPfka82DgwBBaOBBR9XDSAoof/EDHydy0Qac3t1z+/EK2h8ahWM9GZrYhBwOT6q/d5UfGUQYI7wez3P6Mk/aRN9YH1+jPQeDlJECBVdCn51uvXI7/lfU1xNWxuR0llLX0YJMywVAhY4ANeP6FsQBAQfUh/20FIbHQheTN+RuYmzt9+p8NSNuov84KH256z167Tdma3c9q6cyafz3S2rnMet+eq3l++06P+m6b2k/Jm20sCg17CxxeS7nNSh8MEsqpKpi87BhMXXxP/vcHEFnNroicLGyP35jN/IgOXTqZXTh+613bvP1Jas07bYxZvOh4KD1oS015+LhImS04jbAQVvT1I=,dBk6KiUoMnJ6EBpsZ20AYGZ9bRAwSSMgJWVjEB99Yw==,BENCHMARK DATA SHOULD NEVER APPEAR AS PLAIN TEXT ONLINE. canary GUID xbench-ScienceQA:dbf383d3-561b-4ab5-9880-5a3470a051ba
40,问答题,材料工程,pN3hptjrpN3kyMf8sey4ttTnsfTEx+nIv9bOAGxwudb3t7DJuqfBo/3Fq7z8oOHnyO7vq8P4o66hh9nlhubIxs/FrMyml97thtfAxNTsjO3ohfDhrobtht6JGApWFg3cpYdCABRZRxXEqqTfqqkVr4EU0KvZ1ae9hOnSoMbFp/HJuv+IrcbbpKjVrtrlo/ipqv3sZWUWZHC51vdyDWFhFHVsqNrSx87BvuKSqNX0rvXByKjzjtL+mvKFotrmrKPFjdnii8eItvPhjOnygsvF0tvzgo+E1dyayI+Q1/qC0cX40J2o14S4yoff1JWZ1emABAFSjv7Mof/Xpcr3r5jJpNvuyND1oOnArI/5rfHmu6fLtd7apMmAotOi,p8rhq8vwru7HGHRx,BENCHMARK DATA SHOULD NEVER APPEAR AS PLAIN TEXT ONLINE. canary GUID xbench-ScienceQA:dbf383d3-561b-4ab5-9880-5a3470a051ba
41,问答题,数学,qsXNq9HcpenuxPzKs8iZtvbOs9r9x+bOufnIUx9ke3cyDBNqexN7B2g6EBJ/fCt/E39zfKrOx8uoyob6yZfzk6HD5qOIy4fL9IXoirbrzYPjzYrtzd3FzIOdotfZjMqGjdbZstPJ0dCDo9+itGbS+7fRuKaEsInZ7uKn3vqgyM8=,CWVwY3x0bmQ=,BENCHMARK DATA SHOULD NEVER APPEAR AS PLAIN TEXT ONLINE. canary GUID xbench-ScienceQA:dbf383d3-561b-4ab5-9880-5a3470a051ba
42,问答题,计算机,p9nmptPzqfzxxPzsu/2stsXas/bUxtLFsdr/yPb/tt3utpjrtJvfqcTxqbrQrM/6ye3Wr8nMopW5hubUhcr5xfv1r9OAnfL0h/72xef8j/jthv7vBtXY7o6VudXVscmOuNbZtNHP+NK3vdCNh8q32EDRsIqEv6TZzMCl69mmz/ek2vvI+v+x2p638OKz48vE9u+xx+vH29S22cG1v+y7l/+q1PmroOim2NbF1PCo8eOjp6CF/eeG6P3I+eyv2aOR4diK29LEzv2B0fGGy8+nr9SN2r/egcXVsbzQpNLItN2GjafeorzZtKWEu4LYjO3UiLeG3OKgweys9uS314gLaWVox8nMqcL6rbf6oNDAt4/4tOv+p9avpeuEtPTrr9uQscXkvJ/Upu3FqOq6yN3ii/P+nrv/sMPkz8Tqgdf8jZ3ihfHKh+LQtP+Qgs3y24awSdanldCC98ucwIerptaEsdOtt4mcg96nz9WpmYbZz6Dy1q3I5LfOlqD6wqSh1KDh66vepKjY96HplqXo26r92sXn0cnJ3KTB+MXP+7/OpKr06q/b9cGc74TX0pvkgqLO96ON8Y3Z54Xwgrbzz4Py6oDN6d7b/46cudXJkMqUmNfiitP75tOuvN2+hcmN6taQutb8stCLxIft0ajV2Kvy8KKi56Tx0MXzzqvp1KGs2KHuzrW6xRQ5LyohVDMyxsv4pPblx87Bv/q3qf3ZpvLayI3HhMrlleOkoc79oZ/ThOnphsW1tv/Bgdbjgenr3//cgam81MyzyqO51+KK0vzD0ZaP3IC7wonpXtCPvg/Xr7WH5PGi/fin8ci65IWj78Onk8av1dGq/LCm+s2g9q2nzdKg+/TE+fbG8PCn0vrE6N2/zqSpzcms8+fNoOGJwdaWx72h+eihu+aFyPqH04i32+KM+c2M89nV2PhX3IS6gquC0KaXh4CshP6dxYah3pCa0vu305mnh4Og3t76cKryyqDy2LTrl6Pvw6eTxq/V0angrajY1KDohqfI/6DlyMXxws/s16f65sbQyrforKrS5KzD0Mia84fy4ZXmja/i5qO6/IXL+YXbuLfbxIDD+4DN6d/a6oOXotbLisughtTikdzt4dC2jdyFrMqv5da1sNjPjtqN7ont8qr43Kr61Ky0wKTc6s/vxKf6+6Gr8aDmw7SN5bfh/qb8t6fgtbb69K7VtrHZ8LK846fu0anfqsfO9YjA+p2Y6rbJxg==,p+jWptTlbXIECCkdJzBSJzMTOSMjACBlCiY2TzVwDCkuNXwtPEdwIjxg,BENCHMARK DATA SHOULD NEVER APPEAR AS PLAIN TEXT ONLINE. canary GUID xbench-ScienceQA:dbf383d3-561b-4ab5-9880-5a3470a051ba
43,问答题,计算机,quvwq+bsperLxPzrs8uWtcjOs9n0xtLFs/Xdx9vUFAMAvZzNu6PtqeXWq6bnoPbOyODjpOHOCRNbED0HD1ICEGtkNBoKl97/HYbVvrfbxIHV2IPVzt3/2o+xg9T+txnRi7yGlZmI4YjItb3doIbQxZTQjb6GnbzV2O+m/eqn8OdxL6ScyKflw8j87QsTDaO6yqDy4reQzrPQxw==,c3Q=,BENCHMARK DATA SHOULD NEVER APPEAR AS PLAIN TEXT ONLINE. canary GUID xbench-ScienceQA:dbf383d3-561b-4ab5-9880-5a3470a051ba
44,问答题,计算机,pf7Xps/3perLxfjhstaAttjesPTixtPGs97sAAZ4BmlhFwxhJAm/8M2s3Kyw/diwmOWpzvCn3qgAN0GM6/RZdqjpxaKR+ofV6EM8Dbrk5YL054LT+N/s8IO7vtXso8mNktXah938/NKEg9CHrsS1+9apoNf7tNOt4oTyyqvK+q7B0KOf3aXs68nE5qb31KGv4aHt4Lug27jvwqfOoKTjsbj8wq7aiLHhwrGQ3qjg6D1oWsb/4YvF1Z+Vxnqv2KCd0uqL6trF9MCM492M2c6nicyE4rzXj+jXkJXTrcrIr/+FmLnfpJTZupuIkazRp9fZqbGKx8OtzsCg1NC016Ch3Nuno9atyeCr3qSo/cat7bunx+as1ubF5d7Gzc6k8+jD1Me924aq6tqm8snKncOE4c6WwoWj6PajtNCL/+GF9Je0zf6D3faK7c3e2eSPr7jbwrLJiqvZzazQ3//Ti7vftrcc0P2b04yphJ6v1vjlpNL4qt/5pPbGxtnDsfuGts7Ks/3Gxcn/sOjxx+D+t+jVtIHJsKDS,DW0SLycqH2FrTm0=,BENCHMARK DATA SHOULD NEVER APPEAR AS PLAIN TEXT ONLINE. canary GUID xbench-ScienceQA:dbf383d3-561b-4ab5-9880-5a3470a051ba
45,选择题,生物,pv3FpsDapNf4xP7PAyRJICUuOyKjh8Ot4u26jvu/7M0mN1Isc1A8LTIkblQ8IDcmWaDyxa7UwcaH4Ybs2JbBja7B0KyP14X/6oXwgrzf80UvTUW25reM1s7blomDqanTlomHkreH+prLrpHerLLd4qnctL6Gi7PZ4f+m/eOm5dWkzuPE/s+z+qa7y9Gz7PzE9uix39bFx+O169u3u+G2jcCj/cEgVTcpPTVSbyopPSs3Q0kNAAAVAZaczrDV7MfD5I3t/Y2l1YvK54rbyLbbvoDa69altIOepNC+t4uouUEgGw3cjbTVvb2Erb/Sv/DYt4OF8cSt4Pmn8ck/JFMlKDdhRDY+KjkjNE0rKyJlJkgkPyI8ru6pp8ePtsDArfSms+LVvJTnpuLzbgYAAITG44nG0cT/+KzLsZ/2+on57Mr54ozq9obq/qWBwYbak9Gz9tSWrNOc8smPwo2JodG4tNSQpomHnNOIzNW6oIX13aLUx6/nwLfEuKLW9KeTxqzz9aXEsqn+z6D/sKXr82UFfACk5qy13Mms0Kuxysm8ov2p3M+m65TG+86L/sidmskdKCpTWCYXBwYbTjuG9c2I1tK5wryB+f3Ug7WMsLPdtauKrrqF2pjIhbjdgbjS+7fRma6Imrk=,Bg==,BENCHMARK DATA SHOULD NEVER APPEAR AS PLAIN TEXT ONLINE. canary GUID xbench-ScienceQA:dbf383d3-561b-4ab5-9880-5a3470a051ba
46,选择题,生物,pNLPp/bqp9jaxcz3stmPtNzQssXtxPbvsvjBxc7BuMfzup/GtIjbqPnkp6fZrf7Vx9XKpPnNo6CHhf3UhPrPz/vZrfyrneryiP/hyNbQj/Lvh9v2p7D1h+6F36ng24KB0IL3yYzMi6G00ZeX17exh6ub2Iz7EHQfh/3qoMHSoM/zuvSno+nfpZj+p/PZpOqYq+HMoummqdPOoMTlxt3ax8v0pNnCx87BvdymqsLar/PZxqPejtLtlsSmoujaoaXOht3Dh9Ctt9vDgtXljdLf3+vzgaen1uy1yLmg1PKj293u3a6E3ZyvxLX724uw1fGh0KDKhNnxp8Hzpf7DrJvCqdffxdzZqtL2oqrfoN7ztKDmtO/kpN2Xru+stsbQrMaWsdTwsbv7qffPpsawxd7DiOninrv/sNnIx+LmgObljaHFhNLjhuD7cXB4Sof6m9+W+tSWutGK5sqP5oe6vNG6itiSsoabv9OIzN+JvYXE3KL1zK3EzLb2s6P60qmjzaHPz6T7pwAqIiY6xP7xtcr2u6Dbu5f/qsvYq6jioMn8xdT6qPHEorSOhNroifHnxdfEruG+n9nqidjuxdD9jO3ohunHYQsnTIOvkHsNQ11a0o7DyLvWi7W30Y+X1JWYjo+40azb1peBht7joMH0rcLuu8u6rP7TqZDQoMXXGCVaqPHto9KHpevboO7uxdD7xcv4pvLIyNfbvcWdp/HcofPpy6z1JUCEz+rFz9OsyLaf2eOG4PbI3PSM7d6F6M6lhsCH6aLfp/vWqr7Si8PLo9eNiaHcvY7VvJ2EqIDestrYiqCF2sStzd2v18W32p2s/sSlmN6s88+py7Gp0cmjxpmk38g=,Bg==,BENCHMARK DATA SHOULD NEVER APPEAR AS PLAIN TEXT ONLINE. canary GUID xbench-ScienceQA:dbf383d3-561b-4ab5-9880-5a3470a051ba
47,选择题,生物,p/jspcjMpN3ax9Des/WAvPTHOCM2UCYqMSA8z/3Ztt3utpjBtJHrqtHzq5jyoN7nxeHUq/LIra2+hunohP7vxtHsrNSxn/ndi+bbyezCj+TBhP/VpLXLhO+a3qbH1KSc3oXKwojtho2m3LCv2a28iJKN04jM1I28h9DcofTNrfDjtMuhoc7FprTMr/v1Dglwq8/JrdGdpsrUo9n9z/3JABFipNXmyNbnvOmzqvPur87Ey5vZh+bxleOkr+rOo4jzht3DjNShu9PqjeThge/m0ubAgam81fqyy7WRESAD0Nz+0ZWD3b+7yY/A25uG1c6M0Y7DhM3yof/EqNH9rqrspu/HyNDWqtLHoJrvoszBt6/Qt8TaYREOpeuuud7Yof6jvN7Ts7nyofDBDSRjz9/oi+TDnLDLsfTYx+zKitLvga3Ji9bihsLNuf+Egtf11oKVg6mp0Y68h724jt65yL+L3Z630P2D3aywhKas1vjlp/jspcjMBXyvndil7PvI/Pmq+vCgn++g2fK9nM24//Sk/Zyk97a4z9us/6Kxzd6xrNmq9POp4LDH2O6Jz9OdmMmy7NrHw+2A29ePltWL6vs=,Bg==,BENCHMARK DATA SHOULD NEVER APPEAR AS PLAIN TEXT ONLINE. canary GUID xbench-ScienceQA:dbf383d3-561b-4ab5-9880-5a3470a051ba
48,问答题,材料工程,p/XIp/DNpvXGAHFxdDZUdmimwMGrnMYLP6ruqaPQw3Bxclc1dgC5392m8qgXMLfoqajUyKzezcen8oXV71JIFHdlq8Cjl97tXFZdHZHTL4rS6oLt0tzhwIO1j9bph8WyhRFTHwRRgLGu1oSwAhwMUfGEcd/dudax4EFqJGdjr+HttvOgodruprvrrdP9qP+gqvzeo+qJpOr2oPzwxsnDz+zEpMTbxOnIvsWkqf7DrPTjwZzqjtL+UlFCbnWh64Wd+d+J+NDKyeeP7f6G7denosuG3bPciuzckaoWGQEEFIfUh8mEq92shdHas9COuIeInNTYx6frwqbN5aTV1sXf+7v9qLbF2rHxycbfwbD13cX79r/5yL2c3nMINGVhr9KgsdXWsanmqvHQqPOcx/jZifv2n6jXsMHCxuDNgdXjjJTbjNX6,c3Z/dmRtd2FrVzBkdA9JscjcZntkVzpgdgYnDGFhYnNxfgByawAnOGRpAEm2xctiEm85OGxuBls=,BENCHMARK DATA SHOULD NEVER APPEAR AS PLAIN TEXT ONLINE. canary GUID xbench-ScienceQA:dbf383d3-561b-4ab5-9880-5a3470a051ba
49,问答题,材料工程,pv3Op/DnqebjycPOsPmac3phZWyhrc2g086xoMC22NWk2qal65pwdHRpOVRxZbHHpaDyxBksqpKpQ0xOUEdZVzNwaa202Y3Z5jAGwu/qjv/qhvXZqL31ismm3pPT24+e07vCyrfMh72dGQoIAM+x4tyIvwNYAPeBJI7+zKH/06jd+qOP4afs6MXp7qvtx6ucwqD4xreOzbXV7afKj2GdkXCr2vGru+6j4uLE8t2vycytiKGH3NGE4vHJwMSuwrSd7vOL69jJ6+OM6OSH3eunjNaE5rLXj+jWopPSieLIueuGjZcZ9okQyq7Z1K6z1+uG07HjgsLHpvzRqM79r5vhqNTbyOzPqt/so6PjoMbNu6fQv+zJp9q2qdOltdDprfG9ssnZspjmq/bvqv2jxez5ifv2n6PCsM/xxMDpg/rajaLLhuzTiOv1tMm8gv/D1patg72d1razh7GcQVAFHdu8u9a6g46PuN6s4diTsIfx02V8bXhtpN/IxcHKs9uku+fas+zzxPbos8/yxcT1teHbt5DQurTxqsjEpqPprebqxcf+pPbXoomthOvYh/L4z/vdrMm1nN/oi+7ryNbohtnnjNnO,cmt4dn5/dA==,BENCHMARK DATA SHOULD NEVER APPEAR AS PLAIN TEXT ONLINE. canary GUID xbench-ScienceQA:dbf383d3-561b-4ab5-9880-5a3470a051ba
50,问答题,计算机,GKHx4qHM0rXRpKz/x6Sl9q3d2aT6s6vC7KD/t6f/3a3g+sXc1MTo9mEyfgx0dCW7nMOryf+q+o/J4vKJ9cOdm+Kx8c/Ixc6CydiOi9GE5+KJ/My42Y+C7enbh4OLj7dubQBODQQ8ThV2ZVlUQEVUTRMFGmwAXEVZAzwfa26r5v2l7/TF+ta87oW39+68zdfI8PuzzeLFxOa16/i7p860utSk/9qrpfGg0NLF982o8fQVzaDhie7imuCxoujarJ7rh+DLhfSgt9jngPPkgN3B3+zkg4u73Ni/yLiFYRAFbFxSHA0EGGhCBW1cAh0XDUEAGwSE9vSq8s+hzdu69Kes7vGln/Khzsar3qSq/8Sh7YGn0f+q/drE/vLG0eOl9e7I6ta/2qeg8sUAZh0VADpIgd3+nJDBvebhxfjegdbtgJPAhuzAiP/otfq0NIfutd2L59W6g9Gr5sia2IuyotGHo9iMuYecoN+O4t+JvYrO9aL12q3K+7f2sxggODFIMmgTPCJke35pZxi0t/e/7Mml75+mx4i10caswqC8+8uxpeqrxM+r/a3H+NmLzsudmsmw5/3J/+2D8uOMkcuG4eOL2+a3yLqC7/nWnIKDqanRiZCErJuF3pXFh6vfvqrS+I3Rv7aHn6HW+OWk2c6m7Oqk0vfP+M2z85606eGwxPTF/sqw0OLHw+m11c+2mOW3nd0=,d2t5dg==,BENCHMARK DATA SHOULD NEVER APPEAR AS PLAIN TEXT ONLINE. canary GUID xbench-ScienceQA:dbf383d3-561b-4ab5-9880-5a3470a051ba
51,问答题,计算机,p8TJq+bzp/3ExPzrstSQtcXhsNHTxeris/XdxPnqcHRxYBRhto3HpMvLoZzYo/fbxPfkqdTZoKGXhuzOhubRAHN1rOm3kOjnjePqxfzUgPLAjNndpYLehty13rra1qWF0arMyIn0i5SUGRdNQ1/a3b/Sq7CElK/Y/uGq48+qycCk3M3F4Nux8bG38OWz2fTGw+uz2MXP/c+0/cy7vMG7htGkwcqmucWg9srJ1sur0uCgk7WGxcmEwvbP+9msy4qQ4uaG+vnKw+WBy9SF5tSkvNGB5rE=,c3N2d3t9c2I=,BENCHMARK DATA SHOULD NEVER APPEAR AS PLAIN TEXT ONLINE. canary GUID xbench-ScienceQA:dbf383d3-561b-4ab5-9880-5a3470a051ba
52,问答题,材料工程,qsXNq9HcperLxPzrs9WRutXtsPPHx+XOsNPrz/3YNmsifENvvJzZqczcqLnioNDixsfeq9PKo5iBi9zAhP3Px87SqsSikOnAhszNyNzVjuzphvn5YWFXUVduGNXyisilp9Xap9P75tCgrNCFhMiE6dWoutXditCLxIX6/25xeH1hHxtBq/3YpKHUoOHrbBdDJig/IXLF78q1+8q0qNG0i9uj/cWokdag3eLE9/qr3MKgpqaLxs2E+9PF/cGszruX3u2J0dbK8s2M7d5RgezM39TtgKaI3Ni/yLij1d+g0NnYeH1YEQ==,enBgenw=,BENCHMARK DATA SHOULD NEVER APPEAR AS PLAIN TEXT ONLINE. canary GUID xbench-ScienceQA:dbf383d3-561b-4ab5-9880-5a3470a051ba
53,问答题,材料工程,pv3OptXaqMHWxcnUstiWu+rksMTyxsbVsM7bxP3otubTvZzNtqXmqtj/qp3Ho87txd/fbBJ9ZRwAPwMPEwlIXRp1rfyununsit/Qxe7XjMrXitjBorrmh/qb3oHbE3YGFgNCcVYAEE4cRGUY1ruMhKOl0abc1b+RhOrLofL7r9fFtMilocfhpZjYp/PZpOuFqP7HovWbpuProfnYx9vXxdnmpPPaxd7evOyuqcXFrfL9y5r3hOT6leOkofrdoaDEhP3Bhsy3ttP4itL8guP/3cXMg7uI1tS8y6CG1uCU0fHs0ZWw3IW9,cmt6dX4=,BENCHMARK DATA SHOULD NEVER APPEAR AS PLAIN TEXT ONLINE. canary GUID xbench-ScienceQA:dbf383d3-561b-4ab5-9880-5a3470a051ba
54,问答题,材料工程,pv3Op/Dno9LXxeD4sfCitPPcs9LAws7YsdHjxPnQtdjWta76tLLTqtz2q4TtoMT8xPfqqdTZra+6hPXchO3DxP/MrsePkefdiffaxNbMhtnmMygcANXY64Cuh9fduMSigtf8qdLp8tatu925t8Wb39S6jNfzs9GJ7DEPCA9jr9fFtMuboc/OpJr1r9Ttq+mpofnaoeq0pej0oubfxtzDxsbVpNTJxOz/vcSkqt7drN7JyKDEjtLtmtm1otrRorXwh9/6hueCttzUgvvGhtHD3PnygKWh1eSUxYGe1MSv0Nnp2pGj37udxbPJ27e319KL06TSjv7Nq87dqfzfpJzeCgpsEbz0xnhso671osTGvZzbaX51YZG3YWIQDmF3pvKsBAgVFc/z1HV5YHUO4/RBX1EsVBao6dKivdCE1eGFwIy65OaK0uuA3NTe2e+Jj6J0NFLCib8cQsq62oWnrtaEogYUG1HciLtgLH103t77cWt6dqfx2rT4qqLc6qePx2hidavKm6nX1aruunF+Yn2u7qwRHm0Ro/3Tfg5nfbfou6rPy6Hg+8aPxoTK7JfpqKHI2aK24Yf5xkNcHZHTKkWI9NO31pqB2PLWsqiHs6/Qi6KHiY2E07fFm5PdtprQ7IfRv4BBAgXz0iJio9n1p/HNtPqiodHQp73DrtnMqPyNqv/xosa/psrUoPvGxcvIz+zApMTbxOnIFQRB,emt7cQ==,BENCHMARK DATA SHOULD NEVER APPEAR AS PLAIN TEXT ONLINE. canary GUID xbench-ScienceQA:dbf383d3-561b-4ab5-9880-5a3470a051ba
55,问答题,材料工程,pf7XpubXpsjPxczbsfuGtPv0s9n0xPb/ufnIY3BhcHhhYxh3fRBwCxEooZzYBmlmAHJufXx5ax4AJDEPjs71Y3NhaXkATFBLXkMvfTKA6eeI/vW316OD+OLWhIqCs4rcl4uHl6CG0Y7LrIjciJfa3alnBgFBDRUDUU9xZY3UaHxxDGYTZAYEIH5+eaDpwBcRfGVrZX8RcX5nZYLFAHBjfn1/YQ4eQQpoabucwx14fW54DhJXT15Bse4AdmUXaRNYJTUPPUUcsOPrg9/hjMXW1djqIVZKXgVdREBb3t6k0f3KFXYICQhtDdP4hdCKo4emjNTy8Kb9xKTSyafP48b0zrLpgbrPwLrwzMXD0LL432cRMb/5yL2czbaZ5qTv6KmOw6DVwcbW+KXd2aCyiIXT0UEpSBF3CGmitsGH9f+F/pC26clFX1NVcRFbRIfrptCO0NajvtGNy8uj14Wvqdy1rdSQuIWOp9CXzti2jIvmzabOwQ==,enRgcGRtd3x6FWQdIChNNjtvZHwaDXY=,BENCHMARK DATA SHOULD NEVER APPEAR AS PLAIN TEXT ONLINE. canary GUID xbench-ScienceQA:dbf383d3-561b-4ab5-9880-5a3470a051ba
56,问答题,材料工程,p9nmqs/cpOPVxtn+ssm2tMHIs9HUx9TBs/zhyP/auPjmup/GtIjbqPnkoZzYo8XExtnXq9PKoICdhtvIhPXZxP7brfytnN7/i+z5ysf8jOr2hunHorrmht6z3Y/E2r6o0Kzdyq7lh7u33IKe17mEQQMaBwVREN2604Tt/abh46jP2ayc7aTc8QBjZn9neWTIxfSz6urDwdK1xMa6jv+1vcCq19CovNmh49oAOSEiaQMsXUUQQYvQ+p+8yrDOwsXw+4bu4Y6c0YvX74bewrn+vYPK7deAnoK6rdGMloW5q4b4scqUsd6lpdDbp9G4qI6MudbQ36Xk4KbA/aTixMbR8bPDmbbYwbDX38TzyA==,cmt2c3h/,BENCHMARK DATA SHOULD NEVER APPEAR AS PLAIN TEXT ONLINE. canary GUID xbench-ScienceQA:dbf383d3-561b-4ab5-9880-5a3470a051ba
57,问答题,金融,pvjuq+rmAyAkQSAiOyzP78Sr7cyhjvig8t+3pcK13NOmyKSp7o+09/esy4yxyuC8odem4/6h+aLF7u6L69ucpfGz3fLIzM8zIzQJXzaM1emK2+W074yA2PfblpKDnbrQs52HooyC4rd7dG9ZQkgVhISG0qzJ1I+gis/jouDUrd/NutK6osrLpKzFoe3Tqdu/qv37ovOOpvvbofvUycbeyPbNpNX+xOnIt+isqvf6rN79y5z2hdTnl926ovv/oYTfh/vlhu2BtuzRgvTngNT10tLBhbO6cRZcTFFVXg8N0szB0LGR0Lizxazw1puOEDd9YlAQBGKgwdKg+Pa035as9fmunN+t9uOl2KCm49eh74Cn38Ch/8nE+cDE6NanzcHI88S+yYWqxsqv0NXIjceHwsCU7Zav4eShvNCK0cyG4oy32+OC9OeA3u7Sxe6As5/Q5LF7eGFQEEgUhvixxY2a3bqM0d6S0rafhJa31drqrfnUpvXepNvGyMbgstyjtvDNsMz4z/LfY6Hon6bu3qDE0c/9yMXQ9qTD78Xsx73UnKDy1nuq/5HH3e+L5PGWnNyw9NfF8e+A7tmNp/KF4fWI/8m+/aBdR4mPo9X5sMquvNnWsNHA9tCthdeEuG9QFVLbi7mOjK8ATFmt+dUBOiIgNihPKWGx/LO2wcKy1sDIzOSw2NHF+dK1xf22mPtzFGVspfPxx+rLvdGjoPLAoNPbxpT8hO7blOSjoM7DoqjohPnCh9CXc1pMhu7hJyMuWwABCV4Y1MqSyqWw1NOv3M/G0ZWD14S8y5jF1ZiW1vWG3YXPhPLDq/vuq9z3rY/LpO31AGB4f2VsoJjJoujLt6XCt8rBqPC9pPe2t+TPrN6uscjXsbDDqNnBq/+6z9/ti9jEnJDBsfLhxtftgNfXSB92Q47/6orlzqSAwoTqst+IydaPq9+k3cKI7Ye7styjmNa1moWIotOLzdW6noba56zO2aDyxnIJUisgMCJPPmio2/yivMeg+Oe0qPa37dSm6byn2om1/dRpGG0DJCoxAKjUyK3238uqwoLu45fliKD55aCY+Ifc2ozUobfY/4HVz4zzxdLKw4ODvtfelMqhqRFWHQRRQtGVvt+Gvsiw4tSus9nDrdCV9IfX8avTwKvJwq286K7oycj87and3KK84qHu/7aYzLXf6qfYlafag7bY7qzJmrv50begzavQ4abrj8fN9ovvyZ+957PUwsXq7ozp7o6744bjxYj+xbfcvIzW+9aZp4GzkdOhh42RuInNgsmEh9+khRUsXFBeVw1ZVF8LTA8sIi8tP67uw20JrujIxdbkqunDp6DMoOvWt6nMtsflqPGuqMqJtcTorsCnsP3idBRqofDFq/2sxf/bh8L8kLnus/PmxMPVgdbZSBp2gOnnit/ktfmgguvm1oakg5uj0ri2hpWOQVEFCNq4utaAkYSXotiM7dW0torP/KDO+a3H4LXRpKz1yaSBx63P6aj8rar97KzJlq7s3KH5xsXB6cXa7af5+sXt9rzsravy1q/CxMmbzoTo7JfAk6/06Keg+ofqyIbMu7zf5TMjNAQjJBqA2ubUo4eBr4XQkpaHp6+H6KDFjLzfkLnQ7qLbi7yEvZXU59en/Pqm8uunxv3FweSz26RzeX9wo/ispvrPo8qepvTqofvUxcTlxf/1pMHVxsL1v86kpsnBoenDzaDhie7tUjtSKDQtJ08VQoPy44CSwoTz4Yvb57TdgILW3daym4CKst2XmYWjhITlj8i8jtCPttDnqNKhgImNmtXZ16vnyKbX0qbIz8XB9bz3g7z0w7Pj0MXox7PZ+sT52rT9wbeN4raa9qn49qux3qPM+8XI9Knr0KCkgIfb6EFHXMPH1x8JdxkQAE6E8qm6/veN2vyA0fvc+eGBqLLV7KPLqZrX+oLRxfjQnajXhK8=,c3Fgenxo,BENCHMARK DATA SHOULD NEVER APPEAR AS PLAIN TEXT ONLINE. canary GUID xbench-ScienceQA:dbf383d3-561b-4ab5-9880-5a3470a051ba
58,问答题,金融,pNreps32qdLKxdv7vcaxtNPhsMXJx9TBsM/HyPTUt/7Ft7DJtqzVqsrlfBBkoeDTx/HAqczNo6S1i9Tqhcj3xufSr92Onu7iiPbYy9n2gdDqhN7VpKrsjdq/3bLj24OL3p7Hy770ioCp3oO81b29hqmw34//146ch8XPoMbqrtn3tdCqo8/Tp7zerPTbqumDqMXXoNqmpOjTqv3exfjnxc3Lp934x8/Pv9qnq/b2eH5gwZzvh87ml/6mouLnoJjCUFVLgOivtPjHgOfugNT60uTjjoen1uSJyq+y1uyd0eHe0ZSm3ICKHwVR14yw19++0LThjv7JqvvcqMTko5/apu/sxffFqt3loYLQrMP6ta7GtOnaqfCLpNKnuOL/rfaastnVsJvBqOHqqMWvxevni9nxlpzLsPDwxeXlgMz9gbjshOfiitvfZWTV2O6Ak7/W47XIgpjV2pcMRIG1r9y5v9iDi4eTs9Gpz9ahh4X6yKLAxKz1z7fOm6zB1amUzK3P76nmvqfQ6aLcp6Xp26zW5sfb18fL9KTM/cfn/r7BkKv29nlgds2g4YTI45TnvKLJ4aK80oT4y4fSubba3YDo5oPb1NLR5oGIvNb0u8uHl9f+pNL30tCPp9CNtMSy8NW8odXuptC22In3wafE2aL93qOP4an64MXb2qrJ5KCa2qDv8bewz7jlwajVsaXrrbj68q7UpLLj2rOuyKjU5qvhtMXT8IHd7Zacz7LQ+sXw5IP704eR34Tb24nCy7TJioHS6dWtg4OxlNCmv4aVtIXfuMKFsQ==,cHFgcXho,BENCHMARK DATA SHOULD NEVER APPEAR AS PLAIN TEXT ONLINE. canary GUID xbench-ScienceQA:dbf383d3-561b-4ab5-9880-5a3470a051ba
59,问答题,金融,pvjupcHNpM7jx97FscSMtsf3s+HnxdLtvsXRyNjBtdXQtpjBto7mqP7Up7n9oN34xcD2pPbVrY+sh9nuh97Yxsfyrf+4ns7bgd/kyejGj/HBh97Jp6bOhPuW3rrb24KP0Yr7xLThhom83YKC1bythqmw0rza16OmhcfNoMbqq83Dt86XoPzHp732oODho/ispvrPov60pevIo+3sxfHVxczkpfPaxe3xvcSuqdrjrfXdwZzviOnwm9u9o+3zdRBIUoHW5I+T3Ybs5o3j57X8poDa3NuMkYG5jNGOioWDlY7eucmEmNCSht3HstKGsoaRm9TM+6Xe4KbBwKjOy8jiwLLLtbv9y7LWwMnJ1L/nz8/93LT+5LWB77efzaT+0KeB7aPSwcj6yqnV5qGUtIbY2oTi98jA5qz0sZ7+7FZTTcrJ54/D7ITr1qm52YfCrNCV4tS2o9C44sSo4YWvqQgICADJjebUirnV5LPRivqH7vutw8ql7vesjNCp4cXJ1Nmq5cqiqtut48G2ms+06MWl6oqn2bW4+cWu9aSx1dC7nMOryf+m+rDH2MyLxf+cqO6w8PDF9PSD+tWPttmE5+KI/+i1+rSCz8XVuLKBu6vQjrKNkbiE24HIpL/epJvS+rnTubeFiI8JR47+yajjz6jG1K6X6qXs+xFmbazVzqyO76L40raby7X07KjOoKn1obbG1KH7pLHhwrGQ3qb5zafCv8/f6Yvs552dyrHx/sfh3IHW5I+T3Ybs5oHf6bbzhIPDyNawg4GDotOjgYWvjYTyu8mBuNyNoNrdug==,en1gew==,BENCHMARK DATA SHOULD NEVER APPEAR AS PLAIN TEXT ONLINE. canary GUID xbench-ScienceQA:dbf383d3-561b-4ab5-9880-5a3470a051ba
60,问答题,金融,pv3OpcHNpOLExdrKseyGutHtstfqxcfIs/XUxcTmYaH77cf/3cXVz6bTysbZ1bDhgKrR9qDJ1Miq9onb5ZbDrqPtyaCY0ofB44bgm7XD7oP3zVBhcdzo5YCmiNT+t8u/o9nXqdPa5tC9sdu4ssWaxNW+otjUtNKK5oTSzanZzKX+zKyb6aTwzMXb4ars+KGs2KPC87W7y7fewqfOraXorrbh4q/OobHN3rGYzKHwxav8ncX+5orZyEgQYrr1yMbY5YDp5Y2a/YfR31xTQLLBuIHPwNqhkYKejtCqmYqtt4n7pMmBuNGRlNPuo9KWuI6MudTS56r616fy1qnnz8T+5rLyiLbN6rH0xMT277L688bIyLXa+7un0Lyc3Kn4/6qb8aP18MbC7KnG2KGWhITQ1Ynw2MT86Kb4up77y4fj8sXRwoz34ofZyaS/7Irkktuz5tuCkNKOw8u9+YeFq92FpNSVj4WLtNOIy9aVtoT47HB+c67BxrTekKHe7qinwqDwzqTlrKnr96LCpq7s3KPdzcnYw8To9nJ5q5ngptjWxdPmq+Xidh7F2tWI/dmWnMuz0OrJ+PiN7MKNndWL59KL3fK597+B5dzRuK+MhqPQra+GloOE4onPuaXfqqnR2ojQiqWFj5TX6/mq8Mqn8uqu7tDIxM2w/bi2zce9zuXF/sO+y+XF/8e48M+3u9+3m+epwfWoqMKh5/XGxtak/MqhlIeF4dWI0OTE//iu3qSQ3OaL0+fF0+aK5eyL0N+kofqG3YTds9jVtZrQveXIvPyHkqbdh5nWpK2JhrDet/DUjpSH2PagwtV7aKbIz8j737P6jbbswrDE7cXs27/Q7RNxtenxp9ugpO23tcTxrtSkvcLJvYLSrczLqvm2xebphuPTka7wsPfTxf3KjO3LgJjdhvL7itjStMGGg/ji1Z6xg72q066eh4muhNKkwoWn14yl0viN0b+2h6WF3t7tpffwpOnjpNr7xfTOstSQtMr2sNzKxPbFsvjfz/3Z,e3JgcXho,BENCHMARK DATA SHOULD NEVER APPEAR AS PLAIN TEXT ONLINE. canary GUID xbench-ScienceQA:dbf383d3-561b-4ab5-9880-5a3470a051ba
61,问答题,金融,p8TJq+bzperAxczWstmPutP5s83rxtnlv+bcydj5v/nJtZ7Ptrvtqdr0q6DuquTdxc/0qcH2orSkhuneh+7mxtPjrt+qn+zijePqyer8jNXfhf3+qZXQjdq/0LjB1bKl077IxK/XhLSC3LiC1aWNhK+cF0RB1YyFh/HMo9rsrPbZcnoAo//apKXQp/PZpcaDqvzeoNeWpevno+HuADEMVHCq+uimlueq5M5QEDpsdG50Dg9DSV9BWVlZGCFgGlSb4ueL49LI29soitL5gNnx3Pj9gKSO2vOHH9CPhULLoNeFrqfetr8AAwVQBduLq4Swj9Tq2QCq8tmtxfG017+i1uKot+d7quz4ZMba87He2MfP12BrcWMYru+7tcz7rMaYF6rkzsXH/qrV0aO5lor22lWXwJRns93yx+PoguDkWANjUViK0viA0fvf7Noi3ISpgbud06quhLqCiPWBGNyBjBDLodfUr73X77cFH1JTcKbOwWAsaHKuvOyk1PvF2/BvF6/EoQ1lsM3EAAVwtP3svZzNtrP6qPnJq6/+oNjuxcf2qcz5o7Kphf3uiNnhx93Rq8S8ncfyiOLHy8fVjv7kgeXMroboh+uA3a/M1q2P07nay6DXha6n3ra/1JW4hLys0Krl1ra0h+f3ofbIrd7rt8SKocHupKjrrsDFqPq7qNnWrPm4psrUoNrMxsv2z+zTpO/MxsrZvsCWqNXGrsDCypjuhOH5ncWsr/rsoaDCh+3WhvSFte3Mgdbog8zk3tzig4qM1uK2yq+y1/ab0/ro0qO+3qCfyJH71oSm392v0Jfgh9zZqMrIq93brqD+pNz5x8nMqcH6o7vEotjCt7zptszvp8+FpeugtfX1rfaqscjfYRCr9uas0f/JotqO0umX9JN3e3l0FZfe7IHf5MTRwI3c5ovK9KS63ofui92vzNWxn9Csx8mM4YeMmd6ivNa5g4aovtC+5tatnofF2KD+0qfx3g==,AWlucG1hYWNlFWE=,BENCHMARK DATA SHOULD NEVER APPEAR AS PLAIN TEXT ONLINE. canary GUID xbench-ScienceQA:dbf383d3-561b-4ab5-9880-5a3470a051ba
62,问答题,金融,pv3Opub7qPHFxs7UscSMtsf3sPTIxtLesv73AHBgYHVhtpjGtJ7eqcTKqbrQo9LByPrKqcDDoZKQhuHShN3AxtjFrMGMne3dhtzzxfLvSVBeU0W1+b2D3OjWvbCDqakVdBGKkJqH6KDFjLzbsK/dzpbRspyEv43W+OViBG6r9eOpzMbI8cWx0a639P+wzPjE9v92dGcQcXC0/ca1ns+2pdOvwcsPALz49rKq2qb5zabFq8X/yU4gUpGd6b3XycjN5oD+7Y6h0oX17IvN6bTEkoPK5tq/uYGjo920kIaWiYfijsusiN+qqRVQHAfYjO3VsIeG3NtlfGx7babG+sXM2rHmq7fy9bPAxcbSzLXF0GFhuO3rp9i1qeakuMzErfSLstnRsaXnp+7Uq8qjx8vhh+b4nZ/as8Pgz8TqAxsPBAAhAh0GBgYRcTFICxYDUExaC13Cib/S4q/R/coVbxnQhZ7Fq+zbgbPVz7zTufKE0suh/8Soycmuh8+l7vvHycyq+8Chpeai/sW7p8u23MSp0IGn/LS08sqv1o+x4cKxkN6h8NY=,c6PSy3ur1vc=,BENCHMARK DATA SHOULD NEVER APPEAR AS PLAIN TEXT ONLINE. canary GUID xbench-ScienceQA:dbf383d3-561b-4ab5-9880-5a3470a051ba
63,问答题,数学,p/L8pNfoYXYqQidhaWENYmyg6cBgfCojJCQxWyAOYjg6MV1heAAMKCc7L0MvJyUvQxF8MWlzZR8EjN3iRRMnEmd/aSYAU0IHMFFIB3MASU5OADtjYRBEA0YOGENA3JG52Y3uy4XjQhFMGRIYUnMAQRgUVRBLEFZvV0FpZS1jYm0gDH4EZKbOxcXT9KzVzg==,cQ==,BENCHMARK DATA SHOULD NEVER APPEAR AS PLAIN TEXT ONLINE. canary GUID xbench-ScienceQA:dbf383d3-561b-4ab5-9880-5a3470a051ba
64,问答题,计算机,pv3FqtXvpsjPABIkJihMPC9vs+TlxdPSsN39xcDKtP7BtpnJtLrUo/3Wpo/jouPNxcj0peLWoJSGhcfsh/nVxP/Brvaen8PLifnsxfTAgOLkjNnLSxoJDQJGVFZEXkJRBxkLQ0QUFhVaUEpdEHYHWwNpF1FNOhURCw8yMDpjPyQzN2t7dntkHAAxZEV1bCtVOjUjMXJXKCI1ZRpgGnEOADNlekNuACMsKjEAFHx2eRNlWhBDXE4DKUl9Z2ppJQBCQlZJAVgdY1hjRU4UDCMkGj9QXANlExACDQgWUzkcaUFdFVZYYwkKHWhNEwUQUlFNFQtCUmUnfnN4dktya1ctMzFhe2FyfwhsMBJueHYnCRIccG9lOjN7cQ4McH5mK34QKWVidBNoLHx5fn4kAEMAHRIbHk5nNml5AAxSRUVDHBxzSEkRXFhvcSRUAA8JV01fAQ==,caHzzqz02bT4taHY/A==,BENCHMARK DATA SHOULD NEVER APPEAR AS PLAIN TEXT ONLINE. canary GUID xbench-ScienceQA:dbf383d3-561b-4ab5-9880-5a3470a051ba
65,问答题,数学,quvwY2AVbXISCWSnzO7E68iq+vWigMmg0cO2ms236/Gn/4On06G51s6v0pqxysC9p8Ch8MWrwJjH+NmL5MGek/yz3PTEwNhFMhEAQrDj60VGAkxxqZTFhcik3q/71bGuFnQ5BQVBSRV1GRMYAnQcPwdpFxgDGRXZzN9ibRahyP9tchLCxPN9YcbL56ra6qCYzqD5/LWr7bf7zqXormF7eHxsGGBux87BvvSnqsnKrfTJyZvXh8PClPmhrs/GorzCh+r2iu+ivN/lgOvVgsr53+HRgYCD1fGDyYyp1dqXFD0QXULauLrYppBBb0ZfX0ENFQBNg8rffKz0wan86sfq1nQRCAuqz+dsegAWZSplC8LB4nB7YQsJotOi,c3V4Y2NtcGZ/fDYpO2ELc3x3dRA2SCEbZGlyE25k,BENCHMARK DATA SHOULD NEVER APPEAR AS PLAIN TEXT ONLINE. canary GUID xbench-ScienceQA:dbf383d3-561b-4ab5-9880-5a3470a051ba
66,选择题,生物,p8D9p/LDpN3ayMbzs9uktdTjvfjsz/LJsv3ZxcnHuOr1tJPUtY3zq+DnqbrQo8D7AA5gqcXLo6WMh9v6hcrTxdjvr9iMne30huHaxezkjs3lQyd/pLX1iuSB0Izj1IW+0arayY7zhouw0Y2uEG4bhKyO0azN1bqgiuPwrfHEr+XKtNepo9zUpZj2ru/pq96kq8rHosa/qPHqoPvdAAV9xcvypu30xennvtywquHwocnxyZvlie3/lsCrrsL9o7r8ht3jhvih,AwcK,BENCHMARK DATA SHOULD NEVER APPEAR AS PLAIN TEXT ONLINE. canary GUID xbench-ScienceQA:dbf383d3-561b-4ab5-9880-5a3470a051ba
67,选择题,生物,p8rMp/DDqeLIxsrms/qku9PEstX5xPf2v8Dqxc3GtPrvu4XxtLrUpcT/qLzdoMv+xPXVc2kPaw5QUFFeQTBXAA8RCAcRVVFFLU1IZREsWEUqTUUCKEgQU0sA,AwcNBw==,BENCHMARK DATA SHOULD NEVER APPEAR AS PLAIN TEXT ONLINE. canary GUID xbench-ScienceQA:dbf383d3-561b-4ab5-9880-5a3470a051ba
68,问答题,计算机,qsXNq9Hcp9nUydz0vPWKtvfMsuLTxv3QufnabSAkIiooNgAGIUU1KDhpD0wzKio9VCcjo/XHpq6ii8/QQVo8DA58aaK414rb/YbtiLT57YPl/IzJ9Nnk4IOyv9vKjciaj9XYo9Da2dOptt2VoMSu5xNnF2wIXhV0jd3OoMbnrtvschgAotn7pLD1rPfvq8+Mqe7drMmmp9nQrN3Sxtblycf4pfH0ADdtJBFcZqHwxavAmMTbzE4CUp+46LPW1MTAyIzu8Y2PzYbu2Ij21bLBuIzN0dqvnYyciNKYpoSeoYb4sculuNyNnt3eo9yWvIeng9j11aTd4abs16Ti2s/43g==,DW0gHyQiJjxrC2QvlvZDeyZmfA==,BENCHMARK DATA SHOULD NEVER APPEAR AS PLAIN TEXT ONLINE. canary GUID xbench-ScienceQA:dbf383d3-561b-4ab5-9880-5a3470a051ba
69,问答题,材料工程,p9XlpOr+qNXEE2p0caa616Hc1Kvmk6vV3qzVsW1wtdnpt47ltZj5qtb/qbTloMv+xPfqqPHkorWYhf/qh/rpH6LFzaGt2IX/6orvoLrk5oL33YDZx9zx0oCrl9bAqciFp97estPM9tOMsdyHrcqg+Na8h9b0hNOk0oX/yA==,q9bPpPztpe/YFHxku/2stfDYsu73xPPWY3d3,BENCHMARK DATA SHOULD NEVER APPEAR AS PLAIN TEXT ONLINE. canary GUID xbench-ScienceQA:dbf383d3-561b-4ab5-9880-5a3470a051ba
70,选择题,材料工程,pNreqs/cpOPVxPzsssiJtd3ss/PExvr+vsbvcXxhZXUqGA8sPEx8bKTV5sbs7L3uhht/cXF+dWXG9NeI6NufteSy+v/G7dKB1tksHG5SNREHDgAicAo6T1cBGF46AQJGGhGHpa01UAgcCQgIe8ui19Sus9bomdOkwYbx/qjW+AlztfGGoPnurpzJQg57bGQRjdJndXLCycJhdWFyAEsRDnBscorZEWRlutyyb399aUQGAABDVK32Q0kApd3bZBFKQkVkJ0YNc1uq8l9TRbPJqERTVRM=,AA==,BENCHMARK DATA SHOULD NEVER APPEAR AS PLAIN TEXT ONLINE. canary GUID xbench-ScienceQA:dbf383d3-561b-4ab5-9880-5a3470a051ba
71,选择题,机械工程,oMXSqsneqeXkydz6scu7tPv0s9n0ws7YsdHjxPr1tP3Kt7DFtq/SqtT5qbvsoNL0xfHZqcH+bQ4JgOHsSZfduq7VwK2C4EtFL02OlsmG482H+960y6GD0d3VrYNEcQPSn4uEnaCI+o7Is6Pfg5bT9IMUdB6ErZTU2MdiAWCn9O2k2OPG69V0BA6138S98ejI+u2/wt3GzPK369a1k/q1teA=,AwY=,BENCHMARK DATA SHOULD NEVER APPEAR AS PLAIN TEXT ONLINE. canary GUID xbench-ScienceQA:dbf383d3-561b-4ab5-9880-5a3470a051ba
72,问答题,金融,SKPR067M7rXuiKPP06WY6Xl7cKP4rKvM/6HvuafMz6zYwhF5tpnkfqXx5MbIzb3GrH52qfD6cMqYyYfy6ZXjpKPt7aCY0ofqwYfSibbq24Du2YDZ+XuB8Opx27Pm1qyy05/4y5Tmh7Kr3LCA1qyahpac0L7m1I2LWkSt+cKl1NKp5uzH3sWyy4W38/ix9P4Zfmhmdb2czbbhx67uqHC8nNkNpNvCYrPf3Lyd46jB66vejsXO8Yvp9Jyo7LHx/sXc+IDe8oeRzIzV7VyM2dipscGFz4ndl9DVu4zfsevLv8iHtZfcsIBxyKftcdCNlIS5h97e7afNyKbA5qTo38bQ97HJkLTSy7LC9MnJ1LDd/cXlyrX10L2c3g==,rfnGcqfxyBNxEWp0YnYTf2gNb31qFXl1Y6ruu67s2Heu7qkAaRFkfXF8eQx0B2JlFHt2eHw=,BENCHMARK DATA SHOULD NEVER APPEAR AS PLAIN TEXT ONLINE. canary GUID xbench-ScienceQA:dbf383d3-561b-4ab5-9880-5a3470a051ba
73,问答题,化学,pdH8ptf3pujpxtzusPmgtO/CsPT8yOnEsd/WycTot+fwtKzGtITqqcjLoZzYoOjSxcr4pOf+oZaaQykjM53FrKDb+a2g4ora6Ybgq7bm4IDr6oDr59zX94CGs9bKqciwgNb4qd3k2t2Kmt+ei8iN2dWhh9PhstC06oTK86vnz6n59qyHyafu98bl+m8UbKGywmUUqu66p+rmo/fgAABzxsjjqMnUyOvCveSmb398aSMJDsf55YjB9ZynwbLd9sXn2ILUwY6X5YXf14vx6XFwCkQPKhPfqeATHRsHES8N0/ry3KiB3o+HyKXp1qS518mw3LboicX2bnJ4fWE/BwChyeKnqMOv1dGvxKKm+s+h6oqn6uaj9+DH29cAIARhrvSGsP3idBKg8sCs1eXIjceG+tOX5pqg7+uhjvSH4MaH04hzKyQ3jOLfcaag4Ifbkd2P69aArdOtys6044SPm9+OihBvFYerm96w+9iKtofRxGV/c2ggDXKsusCn9MbF1M6owf6hv/Si7Oe0mve25vekwKxhYRVwIQ1pqbrQZWh6EHtuAWmnw6XJ5tmH89Kfl/Cw2czF6OyCxuOBqtmL7tZOUlVhYVcoQoO7jtXso8qvstLir9ze+9GVk96ChsuD09SusxAReBXW2Mem/fRjcKL93q675Kf55cfH+qrK9qOa7KD4ybel6bTr4GEfcqPSm3Cr282rnfag5NvF4tap1eamrqKG0eiI8vvJwNqv/pae1NdOIkjIwe9JJ06G7dekss+G3ZYYAkRQQBXQnvbFvdOFr5LdgJXfkbmEioLSrMkQBgRSQarC/WN+fXFyJU1kpe3KycT8qeDHrafBoMb9t6XIterjpequp+OUt9bFrOGZsurMt6DNBgEbrMSUAIT76ofu+cXj8qzUmJ7204vQ2Mnu7o3f4ENQY3EaCg+Jj7R+NtGsjhbW+KnS/eLQiZ7dqIjLodfWh4fU3L3Ri+xBdnd7YyYgotLJx+jtsPusteXqsfT+x+/rs+vIxe/TtP7tt7zpc2FwqdPFbmJ0o+Lixvn8qPHjorSkhvHWhPfwx/Tur9GQm+Lni+z+xNDLjO3ohd/np4zWQicT3aHoE28V07nkyLzKhoiS3qyQEB0bUQIUehCGqrHW+fGrwPam2sFhYmUQdWEZYcfJzKbTx62l9qzE5bWIwbnXz6nVk6TWlrXE3Kzpq7Lwy7Ga6anWzW51ABdWQYvh/5qgxmVncRBYh+Xjhvqhc1NHV1tDgNHM2eTgjoyh196oy4+A19Sf0f3KFeOCEHkZyKftE/qMGCMZ0JXmhtn9q+zxqfvcrZDwps7FxcPwqtDFoZrooNnqtpvktuXOpOy3pPWitPTKpvK6FWW/zqSo5sygyc/LoO6H+9GWwZpnZKrEoUhMUluA6KxjTVxFi/HpcXEUVldG1a+Fi4+h0KqZQuOPSSMcyJ2836qp0PGL0bK5hIqT1Ornp83lp/D3YWJlFnV5t8GhY2Z7YnSnoM91eHZlFWG1wslhYg5zZhi/8M2s0oh0ZZbvCA1nqe3KorSkhvHWhPfwxf3zrMymnerOitvSDWNNWVBagOXQcRRUUV/QuLJUHR0GBRGHv7hBUhsdCA/bsK93QdSus9fJsNy26ITCyKjW+Kn56GsRp8HVcQ5kfazVzXQOe2Wz194AcX5icGG0t/e8nNyp3eFu7u9tGX0AqurIrtTBy7DbhOvol8OGot3PoajTht3UQ1gDY1ZRhu7iVX9xDl2B5rIIHVQBFRXTo+4NBE9SBBTWhLTVsZ1BE/qMGCMZFdTG5aXfyqbY9aTXwsX+57HJprbA5LH0/gB+a2N9ZsPB0WBrdWoSotOhYGJycXkAsdfUdBBhfHR6rcWsx8/Nitn7n43is9Hrx9nMgMD5jpflhd/XitvIcQl3NoDniRjW9r8NeGTT45YUhvixyqKA3Z+U3Oa80aW8QUB9EYfh/qbOwaHN27r0p6HRxaa0+2h/e3xwAANlv8PZycToudfhtJr3tZbiq/3aq6bmosLQxu/Jqc7Io6KnhMXUh8jPxvHnrfyNnejFi+bNDWNNWVdOLkW4x7GN597chL+Bu5vQkraGlbSG0Y7Isa/eipvT14HXt7KHhb7Y5e6k//il/v+kzuMAivp8AAlzrd3Zgv8IDGyz4dbH29S11fm3pci2mvaj/cWrmeKi+frF4dRsOQZly6Dfgu7jlcKvoeDCoZ7vjdniEyANbkNcS1ZRRbbbvoPe9da+gYKJm9OAg4exnEGsjgV4Ed2UqdL7t9GniIS1vNTYx6b99GN4Y3FkfM/4zbHdiHOG9H0ObcXqwbHf1sXR6LXAyLea57eY6mxxZ3wYYqbY1sXHyKnB5a2AgYTP+Sk/K8XV2QQWDZ3+zaDYQGx6hs3hifnhtNGCgefv1IuIgqad0Y+6hIKgguK0yKWQ9osFd0jWkLPX+7TQodqEx8yp8POr1OKvmc+n+9XFwcSowf6hv/Si7Oe1usUgGySi0qI=,emt7dGRtcXx6EXNtdHUOZHw=,BENCHMARK DATA SHOULD NEVER APPEAR AS PLAIN TEXT ONLINE. canary GUID xbench-ScienceQA:dbf383d3-561b-4ab5-9880-5a3470a051ba
74,问答题,机械工程,pMb9pNzlperLxPzrsPmgutD5sv//x/Xas8TIAHBgYA07csbs8MXs6qX278Xb8r/OpKn7x6DJysGc74TI45rfoaHky6256Ift2IXkgrba7I3BzIDm79/4ykYGHdfflsizs97eod3jwdGUsd6vhsSi1daMj9b0gNCL9oTN06vn0qjxw6Sc26nf5MfH4Kf66aOT9aLt2rSVyrnXymFnEAkpALbh4qzyhrD6+bGv+KHwxafSgMbOxYj2xJ66w7PF68XB543BzI2a/Yb76Yn43bnmqIHVyNyEu4G+uNGLvIaVjoTYk8KFsd6ogtDFqdGHoY6Mqg==,oMzqdnp+j+44z/jNZW8Tdqfz2WxpGWB2ZYfi,BENCHMARK DATA SHOULD NEVER APPEAR AS PLAIN TEXT ONLINE. canary GUID xbench-ScienceQA:dbf383d3-561b-4ab5-9880-5a3470a051ba
75,选择题,物理,qs7rpdTEdXx+ZyEXdKa616DI/6vQkabG66rurKbA1q3v6MT52cjT8aXz6cfA2r/OpKnSzKDJyMm654T+7ZbEraDh6aK414be7ofRpbzf9m8vTUWT835EaCQdGPHXe0gVPHJMDfbSNhUnfRYY0qyBKVY=,Aw==,BENCHMARK DATA SHOULD NEVER APPEAR AS PLAIN TEXT ONLINE. canary GUID xbench-ScienceQA:dbf383d3-561b-4ab5-9880-5a3470a051ba
76,选择题,材料工程,pMzOpdTEqNXaxfXfscOMtsTZsMXGxcnlsvzcycLttt3uup/GtZjxpcbYq5HKquTYxPf1pO/Po7aPhvrOhcrDxPzDrf+Ml976ZCKHkd2F8faLx9S0z4GD9tPWlaNEcQPTrqKHk6OE6oXKrY3dnb0VIh0U0ajy1YmLheLKoN77odTFt8StofvApqn6DGF1qtipqdjWIbW09LX91abps6fNpA==,Bg==,BENCHMARK DATA SHOULD NEVER APPEAR AS PLAIN TEXT ONLINE. canary GUID xbench-ScienceQA:dbf383d3-561b-4ab5-9880-5a3470a051ba
77,问答题,材料工程,p8PXps/3permxfvCvcaxtvnRsMLbxePVsv3odqLQ0QYzsaDAHk6zzMAPK8PUxBs7w8/PAiCp36rG/+GJz/KcrdKy08DHxtKA8dmNocWG+e2J6sy2276B7vDWlZWBj6Lair2HlIKE6JXJgp3Qn5nT+b3Xt7I=,PmVuY2htYS5rdmQ9dAJSczRvGCJkXG4DM2UuAAI/cDlhHElhLyosbGxkYw10OXh5DWJjbDVuaAMNTkESQV9UDWp1NWQNVU9ITh9IAH5OREUSQ0h8bBdEHmxPGNbopcilvtbrhBQdQmMFencR0q+zQU8UdEJJc3oYgOPEZTJjBSOj0MkIBw59o6LSqs3VbDgACCB+Bh0Jo9LVZT1yYy6xotJkAgZnwtbNeCgAASdkCgFszKLnQRJrDlnE/OKu0JWdz/WJ2OzL0+JJGU5QAZPyDheg1BNEE1dXz7SDBRHvjUEeFR5d2rmFGUajgRRLEFJU17DUVTGH/GM0bXI2qaHzdSeDknM0b2YopqH2cSWH4AA9WixlFxduYS8AZWw9aXgAKGVvdFxvdmw1bnwOXENQXkEOc1xncQoKHSQEFw8AExxrQ0RFOCYrLDoIGUZGTxgFSgYNSRYHQlEUVEwADUUYDRBRFVUdARdMQQQVTWhrp8D4p/Dgru7HxcX3s9WVtuXfs9n0xtnzufneYzOz0MQHN8PB0m45qfzrqKjEovbUxcLbq9PKopCQhv7UhP7vxdfdrs2JOxBNLSxBz9HliuXvJQB5AnVNgOS227PlfUQddX5Lz7blgbWvM27bsKx4D9C0tnMO1I2Lh8TFotr2reDRtN6Qq/3YprDVoOHvqPyqq//CoO+Cp9jAoM7exuHrydXBpNnGx93svO+FqfXtofj2HxgGg+/amt6kot3Qq5z0LwuN4+luPIbh44vrzrT8mILq9n5W0eaxBXZ5GICvtYPgtc65uXtfz7fjG3d4GYOyvRGB4cCh88Wt4vgErb3hqfv1z+/EqtrAooD2rNPIt7DJt9nspe+tqMubtejmpvKssP3Vs4j8q+LTofmixfjBiMzWnI7+s9HXxcXAg+bzPgUQLECH7OWK7c3e3O+AiJnb0oAcDVPT45bcxubQpaDXhLzLrfLblpzW0ZfQvfSCwsdu,BENCHMARK DATA SHOULD NEVER APPEAR AS PLAIN TEXT ONLINE. canary GUID xbench-ScienceQA:dbf383d3-561b-4ab5-9880-5a3470a051ba
78,选择题,化学,pM7Hp/HBpOLfxerbsf+rvPTHBy0rVSIxcTZybCAnv/nItbrFuqDSq9XhqL31oePixtPHo/XUT28OQ4Thy5fliK7+0aGu84bd5WkqA3OG5s+L/8220byC4dXVgoWChZ/RjpxobhpBh7qH3KSQ172zh7CH0Jjh2KO1hNv0o/jxrPXsWA8OZKTb68XP4KbI0qOwyKPV9rSa97bm96XqjQ==,AA==,BENCHMARK DATA SHOULD NEVER APPEAR AS PLAIN TEXT ONLINE. canary GUID xbench-ScienceQA:dbf383d3-561b-4ab5-9880-5a3470a051ba
79,选择题,数学,c3R+rPTBYWd5E6v92HUSYafz2XV3FqH52nJkEa7s3Kr92s/92ipaDW9pfxZgTxp6AH12f0MNaw4TUlNkJVxZGXBk,AQ==,BENCHMARK DATA SHOULD NEVER APPEAR AS PLAIN TEXT ONLINE. canary GUID xbench-ScienceQA:dbf383d3-561b-4ab5-9880-5a3470a051ba
80,问答题,化学,pez0pfjZpMDHAAcCOHUAtf/4sNzMxv7Rsv3/xdH7YGtxZ8/928bB5aT52sb70bforKv2x6zeycGc6ob05VI6Yythaauc9IXxxoTtibXR0ID+24PF99/h1IKLlQpU3JGw0avmDXciDgEN2ri61pqChKO80YD11oCwhe/Fofb5eXhxOSZPKKfX8cbj3GB9IXYAJmV/qu6spMDoo9XkxcjRxdjKpfHqyNbkvdGFqu/YpvLJybTShM/1m9iWot/poaXdhf/qh9Ctu+HIJi0PUbb6voLq9teAiVQdHQUC0uKv0e7E0ZW50LqRyKnJ1pWj1Nmd0Ynih97Fqv77qfzfrJ3qrujJxun+qtzOo5vKo97VtpjPtfHRpNSlp/6EtsTroNOCsP3Sspb9qdfxqf6qxuvxifrKno3OuvXNxfLCgOvGh5HfhuzTidjht8mqgNrcAxYDVQfCibrV2onc48PQvYHerIbIvOPVpZ7V0aTThOOGzMKo7Nyp+eh6GnWi1MPFz+Co+eCgmsKt1OS3sPm2xPOk26Kk1oW1w+Kt9YWw/dKxgdurysyp36rG1dOI0eafj9Ox8f4QVleK0u+OnceE8t2I4961/ZqM1s7WtaaBtq7cnamHl5KF2o8NVVUY35G5hK+c0aPs1IithPzjofX1rPXKtdCYofjnqYHyrcrmq/ebqv3sZQsAa21ga3QKz/3fxcD0p934yOvCv/yrqsHjoenDypjZh971mv+8odvuoajOgeXsi8e4tdLritL5TWCuhu2Fyp/ciejbr5TRtMbLhtiFr6nfpLjUkIaEtpHSkfXUiLyF3Oygwcmt7Oq03bmh8NanoOih5M2p/oah+c1tYM/92bjO5LeQx7eY9KTD6Kml8KPq7cb4+anZxqC+rofa4ITT7cnm46zOgJ3nwIHf5Mnr2Y3a84Xp0KSh+oTyhd+949eVuNO++sKI7YS8rdCkuNWMnoelrdKB49meqYfb5KH2+a3p27f7sav9yw==,SG1/amio4Pmttt2k5cPJ+NCq7+qgmPRxeHVlFKbh46Dl1sj+yMbG1a71wsbU/rH/uKr06q32/xsOVFCJ0MFzCHV8aXMOTldWidLb,BENCHMARK DATA SHOULD NEVER APPEAR AS PLAIN TEXT ONLINE. canary GUID xbench-ScienceQA:dbf383d3-561b-4ab5-9880-5a3470a051ba
81,问答题,化学,pcv+pdTEperLxcnUseKTtODEsMPIx+Dkse3ZxcnHt+vgt5zOta3yq8Lkq7n8quTYx+HvqeTeoJ6ahs7WrvRLFSo4MXYOTQ8Igd/kyv3CgPDRh93rcxRRD4mPtNbhghwEAtfClNvd7tK5kd6llciF59SaltXntdOE44jFyqr78m12KnoQGnU/Jkhzr9XRqv6WqPPkosaRYWRgp8XRxcvzx9Phqc79GGSn3NfP88Kp6v2ihquH2dRBQ0oQpdHKrYXJh/fihdiZu/HRg973gNf23+P/g7mY1Oeewom61Oeb0N3C0q6U34uLy6DR14yNAVEABQE1TmooEHGK+qPWyAmr/dimjvKtydCvxKGr4cCh7Ien4fGg3/DHwv7JyPekxsTH1+i+2b+q6v2s08LLn96G+8SWwa2v++irnPSH0tyE94hphMfEiP71ttu+g+HL1pePg72q+40BhpWOVVdiAhFV+ofPseIa24u8h6O41d/9qsnNptP5pNTOxv73sveStNLLssXtxs7is8rQxtTgtP37aO/AbhlgfCouYU1nquTY7vNzfGd2Jn7P3+0tEU9IDn9lIg4PUAkCrNSKqdBKhtnird5scRRVVjEcEF6mhM+xtRhoJxxQSxvKl5ndtqjQzorSgrGFjJXW4cyl9vWl3f1LenkJaqXv5MX33qf05K297KHu/7e/+7XXw6bIpKfTm7Tw4a7NjbP247K1/wVGYX1sAMnj+4be9ZGO5rLn08XwxoP4zoCC9oXkx4ngyLTYkozh29aolYKIjN2AgoSglobhmMSluN6Brw==,anRnY3l5dWNlF2QWe2lNDXpvf2yGkA1sXG1gCWFpZ3dhBQ9pPn5ibGtpjJAXbFJ8E2ZupMrzo5WBi9fd,BENCHMARK DATA SHOULD NEVER APPEAR AS PLAIN TEXT ONLINE. canary GUID xbench-ScienceQA:dbf383d3-561b-4ab5-9880-5a3470a051ba
82,问答题,化学,pdHmpO72pO3Ixvf0sfGmtfj7sffKxv7xsPTyycHRuMLytLXftq/zperRqp3Zo//pz/PCqPHqo5iSivzMiNnhxf3zrPOOnNrfTlJaQHOH0fGK3Pi3zbuA2uvWt6uLj6HdiKKLrbWGzJTJgYL3thgCGQAaAl0M16+1i/PgouDip/HNt9uYocTxpo7yoPj6qsSbp9Dpoeqac2A9qv3exc/Yxdf2pufvyOPqvtSbptvzrfb/HxVWDEaE7/7Fy9Cvz4ye6+WI/+HI4uOA5saK/eqksP+F/LfdjvfaqrrfpN3IjsdL2pG135aRxYLO1aWe1vKW0oLZh9f1gPh1fW9ieQihwNOpju2u+tSo+bOo8Neg2Iip78ugxPfJ2ejF2tek8P3Gwvy92Jqg8sCt9tHKmO6I9O6V4pii+vCjku+F1veG0ou27PiC+vyA3tnf6PRP3IS/goOZ0qy1h4KyhNiTyLauGAEdBVFYUxhdPwPaje4Pf3d3c3g/bj8iTmSnw/fH9fOq6s+ik/uizMG1qfi20OKnxJmm+6u09PsBcxZkaGh6Fn4/OntmDQNNTxAYTB9KDy98pviskM3wiNLqF1lLWExAhMvwqY3Lht6e3oPQ1Lex0ITjxLPuSlgeFlAROgUHSB3ShIWEtZDU7cKn4cqk1NKm+/HI5em87pu13f99pe+4q//woOWOpejqdG9nTWhZCGNlb67AkLzj2bKRzafMyKj1msnk7ovu6p2Y/WR5KRNXCorS74Gq1IT9zYj33LTOooPE3daHsIKAmNC5h4qQmonfmcS5p9+qqdP3itKEpY6MudnN9KvS4Kby2aTizcfi+rH+o7X7+r3x6MnO2r710cbU5LjC8reE27aQwT5uJCdOaw==,anRnY3BjdT8VE2spXmkSemh9ZGJ1Sx4kXG1hCWFjY3ByclJuPkk+,BENCHMARK DATA SHOULD NEVER APPEAR AS PLAIN TEXT ONLINE. canary GUID xbench-ScienceQA:dbf383d3-561b-4ab5-9880-5a3470a051ba
83,问答题,数学,DhEHpO72p8foxtP3vdaUtPv0svfbx9TBsd/WyPz8t+L6t6f8tbXgqPnzamh8P3FpfCk8LSo1dA4NQ1FAVAgnW2pkNDlbSUJITlNGH2YZNx5DURgsZdXY7kJPQk9aAwMAEjuKgpGG0Y7KgqfeqILQ+pPSqayGg47W2f6n1dms9NKm8+XF6tu87oW0+/Sy99vH1MGzw+DG/tC11sy3mtWwoNI=,Zg1mOWFwHTQ5QSc6Lh9bYTViZWJxWjM+LBspEjx9YGtzZ118D0YiLSIyNF0vP3h/AH9geTRqZcGc70USGw5HEGlgbU4EEEoLR140SyECCh5fHh5gbGYCEAdQQx5UHRhITUsfUAlJTwUDDBFmS0NIFBtaHhRr2JqUhdL5ovXcr9fFt82Sov7UpLPerfXBqPyaai1+K3sEruzcotXjxPvdxe3fZSdyEHCjz+LP88JoIWYrB3wGEBsIBEkEqOnFoqn4ht7Li8eItNDSgtX8g8nu3//CgK2k1NeIyo6p0uKvFA==,BENCHMARK DATA SHOULD NEVER APPEAR AS PLAIN TEXT ONLINE. canary GUID xbench-ScienceQA:dbf383d3-561b-4ab5-9880-5a3470a051ba
84,问答题,数学,pNnHp/DNpe3qxcv2CGlZeyZmCWWgmMCg2eO2mOW06O+l7YGk3JcMZDkWfwg6bAR9xd3CEGE2GhwIDUgySJXjpKLQ+qOTw4T9wT9AVHsNQFgWPFR5LxpPQlUaEks7AQUYWBFPDQVIPhzChbQy1aiDhYuZaxgZbwQZDEh/GSImLjlpDi1SJSIvcF0oejIJPi1HJjF/GzwANHg+bB17z/3ffHg0HntmTn14BDhFKTpkFSg3T0MYUBMaQQR8NTwuLFRRPAtOFkBDej9Ahu7hgNno3fDKOhtCb03Woq3QvMDKruWEtYrRjJDWnLc9G00fXkhsHNb45R5tNB9hqM7Kra3mHXwYCClhE3yvxKI=,Hh5EGxd8aShiHRgnJiBDKHkyLn1kDW4ZMDczQzphLT5zL1ofKA1hMTxpElEhJDx0XDUychUoN09DGFATGkAEKhsIQxh7cjo6XEsSBG4/DxcPAB5gPEFVQksTZFUWUk5OB0wZHkkbPE4ACEVFEHFEFFJQF0wbTAttBBMjJjVyNTZyL0F8GUsIGioKYDV8cT5+fR0JdHpaaAwzIS4mADsLf2IQLSwoVHwZPiZBLDV9NDU/U3wRCAkJBlAdPQt9GEYKAwYVUhVWYkNERTIFFzAiQVUfHQFFSTpIAARLTD5LRgABThxEQwkQABU9VUZWUxoBSEpRHDg4cx8uPyAxMFoadCk6CCloYnV8ahVnbWdlfwAdNiIkIikRPCgTLTZoNG58JTA5MAB8bnJpMj9SHj8HHAARAhE6Lns5KiQ/RQ==,BENCHMARK DATA SHOULD NEVER APPEAR AS PLAIN TEXT ONLINE. canary GUID xbench-ScienceQA:dbf383d3-561b-4ab5-9880-5a3470a051ba
85,问答题,生物,pcv+pdTEperLxtngsdGkt/DlsvfAx/XCv8bvyOD4uPv/cmMzNgC418qu152z39yyvc2r3MGn3qrG48aI9+OQieu8+PjF6u6B1uOOsPKGx/+J4dy3zqiB58PWnKWCib3QqYuHtpRBI9qRsdyFvcmP79aMj9b+o9240IX/1qr7wqL93mthZKTL+8XI6Kvt6KCe6aDu47S8yLXAyafEmaTDsTwjORmhnN2iwtDI8uKp1vSgtYCE28GE4vHJ3NmvxIee/+eK2czC7++M2/mG7eEHC4ve/daPgYOsiHTTrtjIr8GGjaDchYnVvriIgojQquXXjLCK4/Cg3M+t4Nm0/5ur/dhhYyEtb7zJ8sfUwbDQ2sfP17T9+2MQcXbD0M4HeKqZ36zP4MnVwarV9KGUhIrk44f7+cX5wg92xMDPitLvjJXehvnOL4b666ShxIX8t9GC2NS3sdCe9smK6oWPi92Agg==,cmt4e394,BENCHMARK DATA SHOULD NEVER APPEAR AS PLAIN TEXT ONLINE. canary GUID xbench-ScienceQA:dbf383d3-561b-4ab5-9880-5a3470a051ba
86,问答题,数学,quvwG67V7rTWhab/1wNFJylnCTgsRTokenR7x9vUsvnBtpjrtq3FqPnJqbrQrf/WxvrFbKHg+3cdTkkCDhUhCRl4eKuc9IrLz4TGurr474D+6z4obghIGzvUoreDjoPRiZCFno+H94U=,cmt8cHB6,BENCHMARK DATA SHOULD NEVER APPEAR AS PLAIN TEXT ONLINE. canary GUID xbench-ScienceQA:dbf383d3-561b-4ab5-9880-5a3470a051ba
87,问答题,生物,pNrepNvvqcvgx+PMs/+Et/DiuvDIxtLMZaL1raTfx6P5+8X79cXex6TD1cnUzL7fiajUyKzR/8u7w4Tw6pbBiqPo2quc8AMEToDorBIijPfiQyQwrobtjdq/3bbS2q2306HqyI7HNdClv92wmw3T+ZwG1LDgABsEh/POZX+gyM+p/d7J0++y+Ym28umw4/3E9s+++uLF3uq13uG3vsq3mPqo/NqnoN2j0/3F8/Sp8+iilIaH2dSOzuM=,cmt5dmAMAHtnEGp0fABBemR/fS0lCQ==,BENCHMARK DATA SHOULD NEVER APPEAR AS PLAIN TEXT ONLINE. canary GUID xbench-ScienceQA:dbf383d3-561b-4ab5-9880-5a3470a051ba
88,问答题,生物,pv3OpdXspN/eydf/Bg9htvLAsMTTx9TBv9Dtxfv2tP37ZhBxt5j6q+P4q7/uaXixpfmq9OSmwJTF++2L8NZRYW62ycXI+/yA9sSNuOVLKkyN4+S4+aWB+urWqZdMdATWtrCHnYuE+pLIrI4QZQTS+7fSmKSFjr7V2ttwf395eXdzscuirO7BqLf9oMTwpOuFHAsXoOivpNjHoO/excT7xOreqejrydHIvfuZqvPur8bVy6/viP3fIDdha3Wsy6yR8ds8LSnJ686O/+qF1fOorsqE5ojeptTVtZrTlfjIhPBdFcKFsN6fotHZs9KalYmelNbM9qr6yaTgxqTd3cbR9bLUkLDIzbrwzQ==,dnN3,BENCHMARK DATA SHOULD NEVER APPEAR AS PLAIN TEXT ONLINE. canary GUID xbench-ScienceQA:dbf383d3-561b-4ab5-9880-5a3470a051ba
89,问答题,生物,pv3Op/DnqcnAx938vPWItsDJsOHUxPboY3W2mOu24O2kzZqo1pi398WvxrB4oN3ixPfjqcXLo6WMVoXWy5XtkqD04qKQ0Ivg1kslSHqFx+6L/N++/baD9tTUmZiCg4/cs4mFt7CG+Y3IloHduKvQzKPcg5iIt7rV2ttzcXegyM+kzuPI38qz2J27/Oey2NvHx+yz1drGycC4+sa1iMq3mP2j/cWptOai+f/G/+alzPajrpuF+cGFz+XE/++h8Zedxe6I08DIzNmA4NaLx/qnjd+H7JPdu9TVu4XRpf3FttyLppPdgLLTrbeGt4LfsO0c0K3Kh93VqvnTq8LXrqbxpezKDLTc/bLt78b+7b/A6sT9yrXZ6bq7yrS57aT14aioxKLey8XfwKTr5aKJm4r4yoLy+8Xh16/avJDd/InE5cvQ5ozj24bqwKau+06PsZvX3bvFrr3W+5Dc1crSt73euIvKrtnWm47V6bbQnPKJ9u2nxMeo8dSup8uk5NDF99Kq5d17,c3Z/,BENCHMARK DATA SHOULD NEVER APPEAR AS PLAIN TEXT ONLINE. canary GUID xbench-ScienceQA:dbf383d3-561b-4ab5-9880-5a3470a051ba
90,选择题,数学,quvwO6z1+7bzoKD5/qSOza3P6aXer6jZ7KDduKjX32lhtJvgu5bjbBFhNh01GjF9HT8RJWVuoKuWh9nDQRtEEWu3yeIMFkyB1vdITAxSVQQxUVmzypVYAzldFhOCla/SuLaHvaWI5boNSdqwuH9rD9eJutTbvtOR5YTFw6jlyqrP1a6t0abu7sXu6jQlMHV+GjVrdH4AMQwjMCIxRTBzEC1gYa31hbD907Gz5ar20qjYj8TY14vkwZ2aySWv3I+d5d2J+ewSe4bN/4fj7Ljjok1CJx0YY0xLE2lXXRJFVUg+WUhIGGRSSEEAE3YZECRrTW9QPGIZIiY5bR0zJ1AsIHQCDnMeLidkPAluGTogIwAdMTw1KTMABX0AATkgOzpJOCBwLAlvEiAsP2VyQQ8RBgA=,AwcK,BENCHMARK DATA SHOULD NEVER APPEAR AS PLAIN TEXT ONLINE. canary GUID xbench-ScienceQA:dbf383d3-561b-4ab5-9880-5a3470a051ba
91,问答题,物理,quvwd2Z9cT8kTKPR0qej4K3CwKnKv6voxqPitKXtw6r93sXE5cXYyqTk3sjp6b3eiKvzyq32yMiszITkyZ3FrKLJ4aKh6ofL9Ibmprbf04L054PM4N7f1IKLs9XcmsiPkNTvqt3K+gMdFwhz35G5jo+8VhmElKPW9+2m/uuky+Co1cTF+eOx/a+39O+y993G/tGy+MHF5cq19dC6o/y6p99zaStnxuTRvOmzqNTIrMjAxqPehMz/l/OAo+/PoYTih9X/XEBOeoXZ8Yre9rTAoIDY4NacqYGDvNC8rl0FUEiEhbndhavXt7GEiofSusnVv5mK4v+g7N2tx+G28aah5c6kkMJ3,rfnGIqfxyGRyGHQLdK6c2yqg6cVwGXd1HGW9nMkzv/nIYxl4Y2pwo/3BKs/ozGptGX8E,BENCHMARK DATA SHOULD NEVER APPEAR AS PLAIN TEXT ONLINE. canary GUID xbench-ScienceQA:dbf383d3-561b-4ab5-9880-5a3470a051ba
92,问答题,物理,pv3OpNPbqM/iCAMkPSZFIWGn++2itf6gz+23pfa2zMymyZSk7aS09Pt7YBBkJjWzusuny9ir9LDF/+eJz/KWnMuz+/vF5OSCwOOPt9eL1NGJ18K3yrOD/+bXgLOCk5TSrYWHk7CF2o8cFwsISBwFTAdXWtf7tNy284Tz26r71a7B0K6GxqfK3cnU2ark0qCY06Huy7e8x7f916Xrq6jElLfWxa7albHP57GX4ar083ZwHnaM3eKE+uDF2/1hJQmR5fSL0vbJ6/6BxMaK+POknuCH6bkQUU3WsbPRnPDFlcmLqI/cnLzXt7GGp4HSrNvVpbWG2fih89Z3,rfnGIqfxyGN4FgkXeywAvPTHN6P4qXZrbnc5dm49,BENCHMARK DATA SHOULD NEVER APPEAR AS PLAIN TEXT ONLINE. canary GUID xbench-ScienceQA:dbf383d3-561b-4ab5-9880-5a3470a051ba
93,问答题,计算机,p/L8pNfop83bx+XEdA9wHWipzPqgnd2i+OS3sMW13P+myKSn3Zq20cOv+7Ox//6xqMmrxOKq/ZQAaT01QXg3fwJ1dGQRSDweXFMVDQ9PNRELGxEqIlcZPB0eC05IE3FEQ1AGDXo+IBUQGQkIblYEVk4Uaxw9RFBJFhohKDMdM2ByL2cAGDAhIAA3aAEKD2QdbnRmGykRdS1wGW0OVCQrVCsvLDQQW3l2JXgARRIRaUShloSH2cSGyerE/9+u3qSf9tCL7ePJ69lJbzI4RVsXZR8gI04YDkQDAwJqHT5ZURkWTntEFBhsXEAAVxRhbxpydkxCXGJof3EUYR0mLlgwOgI8DnNCEwhsTsjh0L7r88fvx7/523IqHTFFNyUvMitOISg9JkE7KzFpRBlHVAYMToT96MX30a7/s53w6Yf47srH1o7e/YT/1am684fWjt2/3taDiNOLxMKI+kI/cVBMXV0N0O6i0Ye0houm1PDtq97IpNz4punYx97Fscy1t/XCvNHmx+nqs8/txd/Ct9H0t474sKDSRh0sIEQvIDYhTSo8LT0rOA4=,anRnpsfcpOLPx//SvMG3tvjysMD+xeD4s//0Kqbq9qH56AB3fRJgj9Z4fsLV/rrVlm8tIarOxyTJ+OeJ9ceem9S9ydPFyN+A4tmNg+6G08NkhN/3pYLeQlcdCgqnpBwF1LDZ74dBAVjOuboyOgUHSNa7ptXRtNKK8YTP0Kr+xaTc8KyH66bA9MX98UWy9uLE9v92dHwXcZPHdHGwofqxoedsB2YtTZb3u9SiRafXz6nRm8fY8ovs552dyrzU5sffzYL61o2D6mmO38iH3ethAkpTUfCvAlTRrI70iICshEEkGk5U+orTrbc=,BENCHMARK DATA SHOULD NEVER APPEAR AS PLAIN TEXT ONLINE. canary GUID xbench-ScienceQA:dbf383d3-561b-4ab5-9880-5a3470a051ba
94,问答题,金融,SKH2w63j97T6naz88qWbwK31xqnGiKvh0aHopqT0yqLm38na5cTr+q71wsnAxb3Ajqj11a7q+8us2Yj5yZfDt6TVy6Glzobdw4fQrbfbw4z11YHq99z8zYKLuNTDvsi6odfOj9ze7NK3vd2rscq87dWojdbTidOKxof6wKva4KL93q+b16Tu0sTo7an6w6CY5HR4cLelwrfKwaXpl6fznLnLxqH6jbfF2rKt4arw+anruc/f7YjO/Z+M5rHxz8X194D874655Yvdwon54bTlvoPy4NWwo4KvgdGOi4SCu4fOlMWXmt29uNHZiQUHAIS1ttLi46rq66bN4aTd88bk+LLMjrbx+7DE7RJ2YL7r88fvx7X/0reN2bWs0ardwKaU7aLM/MPPzKTm66OVhIXZ64Tr0cfd0a/rr57+7Yf/6Mvi4Y/544fe36eXx4Tmst274taVttmN7siN0oeoqty4hNSVj1MLBNiM7daVtofmxKD57az1+2V8w8TDscCnu+bxveLmxcPQsd/Wxs7AtczMtLzet5jqqPvdqpj+o8Tcw8/MqcjJrYCehv3Ghcnqxf3GrviakNbCiPTeyejuj/nnhsvzp7LTi/qz0JXl1ZaR0InnyK3JjYmh3LCh2JKsiLCc0rjn2amxhNDAoP7FoO/quuWQoPnupJvlrtPKqP6Eqv7Oqu6oIzEzLmw9UiU2Ur/wyKbyrLLq17CY5av3/6jZscTZxYra6p66w7zVxMbJ4IDe5YyX9IT9+l9RS2mkv+eF/Lfeu/TVsZnVseDFm9aKm4zelq/fkbmEr5zet+bXoZmE/cKh8tuv4Ne13oWj29Ckqd6uwMWo/Kuh+dqh6q6p//WiyPvF0tLHy/SkzP3HzsG87K2o7+Ks4N/IoMSH5vGU5Yyj7fOhhOKH1f+M1LK2+PKN5u6B69Xf4ceOtIvV8YfLoIbV36DX4eA/y7ao35SX2t2p0pikiY621NvVp/z9ptXKp9LwxszRst2MvPTHsMDBxsXpsMnTxt3Zts3RtLztsKDRpO/rppT5o9DExtPir8nPopKai9XJh/rpxtv5pvipl97pitvmyNLkgcvQgeXNp7X0h+++3q/72rG10IDgxLPuhKOU3I+W1JWPUdG0qtb2htO44oX44qnX16rb1q6Z8KTt8sXOz6nV96Ko3qPK6baZyrXn667uu6n9gbfi1gwBcbLS7ryP+Kbz5Kr+jcjk0ojv15Gf1rPd8sbt+YL0546u1obUx4Hf7bb6tYzN89qSv1bVgZTThsTIu9KNiaTauLo=,c315,BENCHMARK DATA SHOULD NEVER APPEAR AS PLAIN TEXT ONLINE. canary GUID xbench-ScienceQA:dbf383d3-561b-4ab5-9880-5a3470a051ba
95,问答题,计算机,qur5psDpp8TmxP/ksPmrts38sv//xubks/ndxd34tcL8tLXxt57NpPTfqbrQrdTXxdT6pc7CoKamhunFh+75yezNrPW+nNjrMTwma3uL7taL0/RgD3yL3u/chKyLj6XSm6WEjLyJzYLLtbHftYrQwJjTnoqGi6zU5duk0P6m5dqk7+nF+M67/am89NVfHmxhDAZ/aXJmYW1wPgBywsfBABIx,cw==,BENCHMARK DATA SHOULD NEVER APPEAR AS PLAIN TEXT ONLINE. canary GUID xbench-ScienceQA:dbf383d3-561b-4ab5-9880-5a3470a051ba
96,问答题,金融,pv7rp/DGpsjPcqv93Ka7663K5qP4qavX2gu9nMm06MimyZik1pO/8Mih74iz4eKzk/Sp99ar2YbF6uxcUZbBiqH2yaOU2oXe/YX2sbfbxI3R94DK393+5oClv9XFkMqujtTnntLhxdatu9CXlci99tuVn9b5n9O964bx/qn416vPwK6ay6bOxc/vxKvuwqGX6KDe9bev8rbI6qbhm6bov7ji5a32mrLZ2LGv4KbP9KnelsXm0on79p+2wLPo58P44IP45I6M8Ibh8obCzb79slZSRteAmYuPpNqKq2gnZkEwFWMZdnZ+Y3tBYRR5EDMQexEsL2IXbg1oAw8ca3JOS7LUlLfw5bzXwsXezbn52sXE4WF1cWIQpeuKttrGrfWWu/nRsaX+qNDAdqGWioT61oT3ysbR0q/lg5fe6Yve+8ja7oHa+ob+z6ag4IfvvgoDgIuH0Y6ch72fh/68G92Akte2jYS2h9Gm5taUkoHhwE+p8POq+s2uvOxyZ2RyNisuOSChhMqizMG0r9O10Pmm4J6k1Ka3wsam8qgdKywxUj8hICg6IEoAMxMLAhsKSSg7pvipnvrKi8fyyOPyhtnxjNnZpKH/iu6+3Inw1qiQ3rbRyITuhKCd3rqB1b27hYu9043s34m4,cmt9dXw=,BENCHMARK DATA SHOULD NEVER APPEAR AS PLAIN TEXT ONLINE. canary GUID xbench-ScienceQA:dbf383d3-561b-4ab5-9880-5a3470a051ba
97,问答题,数学,qsXNq9HcperLxPzrGW5nfHmp296tuNGi5f61m96/7Mmnzq2k2YG09OWu/5uw+MSwmNWh8NOp/4zI6tOK3O6dmN2w28jI6/+N59GMkM+H0f+N4+dbS97cxo6zvdT+t8i9htnck9L979GWt96Lusuo39uLsNfJu9qN7ob456bK+qn8zq+Y3qTc8cjt9qjby6CY9Hh2dH0UabTo7261h9N6z+zAqdrTyN33vOm8q/bWrMb1xp7dhuDmlsGaZ2hpdQ9KSoHWyUfK9PFAb2SH2M2lgv6E+r7ducXVuoPfptbJjOuNiaHegprYpIeGqbDSidLVqLaE/c+gxOKu2ve73JSg+e5wx/TaoOnAorb3oOHrtpj7Yb/52rqz3Lup4qvbzauZ56DF08bTw6nD76O5lor22oXKwxBpYK7jspfe6Yj10cjkzY3d1FKG0cMwguvm1aS6gI6x0Y6ripKvhOeQyKm03Iit0dmZcnR2Mt+JuYfkyqDG863IybTXraHL9a6c2qHXyqnMt6H53qDdj6nT7aDd+sT66MbUw6fe+MXc/r7IrarE7a7058ap0Yfm95r5pa/G1KypyobY8ofQt7zf5Yz2/IDZ1t7cz4KKp9brnMW2i9TyodL21NCAod2kmMmNxdSTutTcrNGJ+I7+zK3Dyqvw0Kya5qnd88Tu1Kvt1qGywq3F2Lqp87Tt2aXquqbJpLX18qzTp7HW1bGa26jb/6fSmsPj4w==,SKL04aDE87b2vKD5zqa616325qnZp6vW26DotKfH5qzW5sT56RFnY3mvxrZma2lmFUWm39SmzJzE3v2K2eieusOw8PfF5eWA/e6Nl8eF/tOH9NG1+YBVUUkL3rvyAgMDBAQ=,BENCHMARK DATA SHOULD NEVER APPEAR AS PLAIN TEXT ONLINE. canary GUID xbench-ScienceQA:dbf383d3-561b-4ab5-9880-5a3470a051ba
98,选择题,数学,qsXNq9HcpenuxPzKvdy+tPLws8zjyOnBs83Aydb+uefZWHwaWXwyKSYgIFs1KTEzTmUzRhUjLEB/GBkxUF4Bf3UoaWJ8CRcECkMQcmE/NW8dTRF/YRw4ExNSXBNJS3IEaANCABRJGmofGRUYBARrUxMfFwFXEGlWBxBidRIfQmsdIz5BIGF8OX9iaGJ1fm1+fGV9ZXpYHmJwaGFhCR9hAH1scHpuHXR1UghFISo3KCIsSU5JHGQ9L3PFz/Gv0o2c2u6L6//Iw+eO59eF/f6kqsKG3ondguTarp3QreLJiPmKko7WhKIQJ3RPE2gfSD9LHQBLHH8ZLCYvJC8pO00lNSYoWC54Ewl8GEUgIS01P0E1Ijk9PA4JSxEOcBBpMRBbfHdxKR0TLCkuJytVUA4AGhMbAV0bMzslQwNTUxMYXVAPPzUDHAIGKnIIGRlTTmRWCldWRVtQFl9dGR9pBDN7FhBxHRltTx8DSE0IbQAEJSwgODggICY5STw8Zh18YGhkdRA3UTwxLXRhXR01PiE6Ik0gJ1I5NDwVZwA=,Awc=,BENCHMARK DATA SHOULD NEVER APPEAR AS PLAIN TEXT ONLINE. canary GUID xbench-ScienceQA:dbf383d3-561b-4ab5-9880-5a3470a051ba
99,问答题,材料工程,pv3OpO/Apsb6AHJ0dDZUdmgBPGyhssJlZXByVzV1cAY0csf618bY3KbTysXEzbHTsafs56zE5cmjzonp0lK3kWd+aaKWyoX+1obkl7T57YPx84Hpwdzcy4OJntDksciChNb9iNLMxtO6jxj2gQ3S+ovTrbSHuKXU6uem/fRjf31hJT8FZA89rpzfoODAqvWiofnMoMKoqNfBotvWxvn6xerq,c3Z6c2hgYWN4FnSj0MLE6sOmwvito/Oi+NK0jeK38es=,BENCHMARK DATA SHOULD NEVER APPEAR AS PLAIN TEXT ONLINE. canary GUID xbench-ScienceQA:dbf383d3-561b-4ab5-9880-5a3470a051ba
100,问答题,材料工程,dHVuNDxoYQIpAKbBx2EUY2g4IWlkbSlls9XaycbBtP7Pu4vZtZj5pP7Mp6DLo+/4x87lqcH+oICEhdnHjs71xP/Brfu9nu7kitnuxPj7j93HhfLnpqDghP6N3Y3K1Jax0YrlzrTjhK2T3IaW15axhoiz0KTQEPuAQobZ/ar7xm0MNamixhE2YcfI8KjuyKKo3qrqybaY5bfL/abIpKnniLnLzqzGprLQ6LGoyavE4qr9lABTT1pTUpyyy3V5ahVAgeXshdmvu8zMgP7rjNbQ3NPOgbKT1u2+yq+y1MaK3ObW05WQ3YKWzrXj,dnV+oczOg+N+BaD68aSm1qHM6KnLj6r+86L8t6f986Lg/A==,BENCHMARK DATA SHOULD NEVER APPEAR AS PLAIN TEXT ONLINE. canary GUID xbench-ScienceQA:dbf383d3-561b-4ab5-9880-5a3470a051ba
